seed,kind,method,round,heldout,external,fail_tool,fail_arg,fail_order,fail_state,fail_termination,fail_recovery,fail_constraint,fail_verification
9001,tabular,uniform,0,0.30666666666666664,0.22666666666666666,0.7288135593220338,0.6346153846153846,0.75,0.6875,0.7413793103448276,0.6896551724137931,0.6875,0.6818181818181818
9001,tabular,uniform,1,0.7266666666666667,0.6233333333333333,0.23333333333333334,0.16923076923076924,0.30158730158730157,0.19672131147540983,0.20270270270270271,0.4909090909090909,0.22,0.3023255813953488
9001,tabular,uniform,2,0.8466666666666667,0.8233333333333334,0.16393442622950818,0.0847457627118644,0.11320754716981132,0.08064516129032258,0.21666666666666667,0.19230769230769232,0.1694915254237288,0.12962962962962962
9001,tabular,uniform,3,0.8466666666666667,0.8366666666666667,0.2222222222222222,0.1,0.20634920634920634,0.23529411764705882,0.07407407407407407,0.13725490196078433,0.11475409836065574,0.12698412698412698
9001,tabular,difficulty,0,0.3,0.23,0.7288135593220338,0.6923076923076923,0.7291666666666666,0.65625,0.7931034482758621,0.6896551724137931,0.671875,0.7121212121212122
9001,tabular,difficulty,1,0.7933333333333333,0.7166666666666667,0.21666666666666667,0.16923076923076924,0.2222222222222222,0.18032786885245902,0.24324324324324326,0.14545454545454545,0.2,0.13953488372093023
9001,tabular,difficulty,2,0.8533333333333334,0.8366666666666667,0.16393442622950818,0.0847457627118644,0.11320754716981132,0.08064516129032258,0.21666666666666667,0.15384615384615385,0.1694915254237288,0.12962962962962962
9001,tabular,difficulty,3,0.8466666666666667,0.8366666666666667,0.2222222222222222,0.1,0.20634920634920634,0.23529411764705882,0.07407407407407407,0.13725490196078433,0.11475409836065574,0.12698412698412698
9001,tabular,capability,0,0.30666666666666664,0.22333333333333333,0.7288135593220338,0.6346153846153846,0.75,0.640625,0.7931034482758621,0.7241379310344828,0.671875,0.6818181818181818
9001,tabular,capability,1,0.7833333333333333,0.7166666666666667,0.23333333333333334,0.1076923076923077,0.15873015873015872,0.11475409836065574,0.24324324324324326,0.23636363636363636,0.24,0.37209302325581395
9001,tabular,capability,2,0.8533333333333334,0.8366666666666667,0.16393442622950818,0.0847457627118644,0.11320754716981132,0.08064516129032258,0.21666666666666667,0.15384615384615385,0.1694915254237288,0.12962962962962962
9001,tabular,capability,3,0.8466666666666667,0.8366666666666667,0.2222222222222222,0.1,0.20634920634920634,0.23529411764705882,0.07407407407407407,0.13725490196078433,0.11475409836065574,0.12698412698412698
9001,tabular,family,0,0.2966666666666667,0.22,0.7288135593220338,0.6346153846153846,0.7708333333333334,0.6875,0.7586206896551724,0.6724137931034483,0.671875,0.7424242424242424
9001,tabular,family,1,0.7,0.6066666666666667,0.36666666666666664,0.2153846153846154,0.30158730158730157,0.26229508196721313,0.20270270270270271,0.2727272727272727,0.36,0.4186046511627907
9001,tabular,family,2,0.8466666666666667,0.82,0.16393442622950818,0.0847457627118644,0.11320754716981132,0.0967741935483871,0.21666666666666667,0.15384615384615385,0.2033898305084746,0.12962962962962962
9001,tabular,family,3,0.8466666666666667,0.8366666666666667,0.2222222222222222,0.1,0.20634920634920634,0.23529411764705882,0.07407407407407407,0.13725490196078433,0.11475409836065574,0.12698412698412698
9001,tabular,failure,0,0.32666666666666666,0.24,0.7288135593220338,0.5961538461538461,0.7083333333333334,0.625,0.7586206896551724,0.6551724137931034,0.671875,0.6818181818181818
9001,tabular,failure,1,0.7133333333333334,0.6,0.31666666666666665,0.13846153846153847,0.2857142857142857,0.22950819672131148,0.1891891891891892,0.36363636363636365,0.38,0.3953488372093023
9001,tabular,failure,2,0.8433333333333334,0.8166666666666667,0.16393442622950818,0.0847457627118644,0.11320754716981132,0.12903225806451613,0.21666666666666667,0.15384615384615385,0.2033898305084746,0.12962962962962962
9001,tabular,failure,3,0.8466666666666667,0.8366666666666667,0.2222222222222222,0.1,0.20634920634920634,0.23529411764705882,0.07407407407407407,0.13725490196078433,0.11475409836065574,0.12698412698412698
9001,tabular,random_gran,0,0.30666666666666664,0.22333333333333333,0.7288135593220338,0.6730769230769231,0.7291666666666666,0.640625,0.7758620689655172,0.6551724137931034,0.671875,0.696969696969697
9001,tabular,random_gran,1,0.7166666666666667,0.5833333333333334,0.31666666666666665,0.2153846153846154,0.2857142857142857,0.2459016393442623,0.16216216216216217,0.2727272727272727,0.38,0.4186046511627907
9001,tabular,random_gran,2,0.84,0.8266666666666667,0.16393442622950818,0.0847457627118644,0.11320754716981132,0.11290322580645161,0.21666666666666667,0.15384615384615385,0.23728813559322035,0.12962962962962962
9001,tabular,random_gran,3,0.8466666666666667,0.8366666666666667,0.2222222222222222,0.1,0.20634920634920634,0.23529411764705882,0.07407407407407407,0.13725490196078433,0.11475409836065574,0.12698412698412698
9002,tabular,uniform,0,0.33666666666666667,0.3,0.6226415094339622,0.6981132075471698,0.64,0.7272727272727273,0.6792452830188679,0.6349206349206349,0.6610169491525424,0.6891891891891891
9002,tabular,uniform,1,0.7933333333333333,0.7,0.2153846153846154,0.3181818181818182,0.10638297872340426,0.16666666666666666,0.20689655172413793,0.1935483870967742,0.13636363636363635,0.24242424242424243
9002,tabular,uniform,2,0.84,0.8366666666666667,0.14545454545454545,0.1320754716981132,0.21212121212121213,0.16363636363636364,0.21428571428571427,0.12162162162162163,0.1267605633802817,0.23076923076923078
9002,tabular,uniform,3,0.86,0.84,0.1111111111111111,0.08955223880597014,0.16666666666666666,0.16923076923076924,0.09615384615384616,0.11666666666666667,0.16666666666666666,0.0851063829787234
9002,tabular,difficulty,0,0.32666666666666666,0.2966666666666667,0.660377358490566,0.6981132075471698,0.62,0.7090909090909091,0.6792452830188679,0.6825396825396826,0.6610169491525424,0.6891891891891891
9002,tabular,difficulty,1,0.8233333333333334,0.7666666666666667,0.15384615384615385,0.22727272727272727,0.0425531914893617,0.18181818181818182,0.1724137931034483,0.22580645161290322,0.13636363636363635,0.18181818181818182
9002,tabular,difficulty,2,0.84,0.8366666666666667,0.14545454545454545,0.1320754716981132,0.21212121212121213,0.16363636363636364,0.21428571428571427,0.12162162162162163,0.1267605633802817,0.23076923076923078
9002,tabular,difficulty,3,0.86,0.84,0.1111111111111111,0.08955223880597014,0.16666666666666666,0.16923076923076924,0.09615384615384616,0.11666666666666667,0.16666666666666666,0.0851063829787234
9002,tabular,capability,0,0.3233333333333333,0.28,0.660377358490566,0.7358490566037735,0.62,0.7090909090909091,0.6981132075471698,0.6825396825396826,0.6610169491525424,0.6756756756756757
9002,tabular,capability,1,0.7733333333333333,0.7133333333333334,0.2153846153846154,0.3409090909090909,0.0851063829787234,0.21212121212121213,0.10344827586206896,0.24193548387096775,0.2727272727272727,0.2727272727272727
9002,tabular,capability,2,0.8333333333333334,0.83,0.14545454545454545,0.16981132075471697,0.21212121212121213,0.16363636363636364,0.23809523809523808,0.12162162162162163,0.1267605633802817,0.25
9002,tabular,capability,3,0.86,0.84,0.1111111111111111,0.08955223880597014,0.16666666666666666,0.16923076923076924,0.09615384615384616,0.11666666666666667,0.16666666666666666,0.0851063829787234
9002,tabular,family,0,0.30333333333333334,0.2633333333333333,0.6415094339622641,0.7547169811320755,0.66,0.8181818181818182,0.7358490566037735,0.6349206349206349,0.6610169491525424,0.6891891891891891
9002,tabular,family,1,0.6666666666666666,0.5966666666666667,0.38461538461538464,0.4318181818181818,0.19148936170212766,0.2878787878787879,0.5,0.3387096774193548,0.25757575757575757,0.25757575757575757
9002,tabular,family,2,0.8166666666666667,0.81,0.16363636363636364,0.20754716981132076,0.24242424242424243,0.16363636363636364,0.2857142857142857,0.12162162162162163,0.14084507042253522,0.25
9002,tabular,family,3,0.86,0.84,0.1111111111111111,0.08955223880597014,0.16666666666666666,0.16923076923076924,0.09615384615384616,0.11666666666666667,0.16666666666666666,0.0851063829787234
9002,tabular,failure,0,0.31666666666666665,0.2633333333333333,0.6415094339622641,0.7358490566037735,0.66,0.8363636363636363,0.7169811320754716,0.6190476190476191,0.6101694915254238,0.6756756756756757
9002,tabular,failure,1,0.69,0.6266666666666667,0.2923076923076923,0.38636363636363635,0.2978723404255319,0.24242424242424243,0.27586206896551724,0.3064516129032258,0.3333333333333333,0.30303030303030304
9002,tabular,failure,2,0.7933333333333333,0.8233333333333334,0.16363636363636364,0.1509433962264151,0.2727272727272727,0.16363636363636364,0.2857142857142857,0.16216216216216217,0.19718309859154928,0.3076923076923077
9002,tabular,failure,3,0.86,0.84,0.1111111111111111,0.08955223880597014,0.16666666666666666,0.16923076923076924,0.09615384615384616,0.11666666666666667,0.16666666666666666,0.0851063829787234
9002,tabular,random_gran,0,0.26666666666666666,0.22333333333333333,0.6981132075471698,0.7358490566037735,0.68,0.8181818181818182,0.6981132075471698,0.7619047619047619,0.7288135593220338,0.7162162162162162
9002,tabular,random_gran,1,0.7133333333333334,0.61,0.2923076923076923,0.38636363636363635,0.1276595744680851,0.2878787878787879,0.15517241379310345,0.45161290322580644,0.25757575757575757,0.24242424242424243
9002,tabular,random_gran,2,0.81,0.8133333333333334,0.14545454545454545,0.20754716981132076,0.21212121212121213,0.2,0.23809523809523808,0.16216216216216217,0.1267605633802817,0.25
9002,tabular,random_gran,3,0.86,0.84,0.1111111111111111,0.08955223880597014,0.16666666666666666,0.16923076923076924,0.09615384615384616,0.11666666666666667,0.16666666666666666,0.0851063829787234
9003,tabular,uniform,0,0.24333333333333335,0.22,0.6808510638297872,0.6851851851851852,0.7666666666666667,0.7777777777777778,0.796875,0.6226415094339622,0.8070175438596491,0.8070175438596491
9003,tabular,uniform,1,0.72,0.6733333333333333,0.38596491228070173,0.25,0.24242424242424243,0.2807017543859649,0.3018867924528302,0.24561403508771928,0.19718309859154928,0.2698412698412698
9003,tabular,uniform,2,0.83,0.8333333333333334,0.17307692307692307,0.1864406779661017,0.203125,0.19696969696969696,0.21153846153846154,0.15384615384615385,0.21818181818181817,0.13793103448275862
9003,tabular,uniform,3,0.8466666666666667,0.8566666666666667,0.16666666666666666,0.14285714285714285,0.07017543859649122,0.11764705882352941,0.16,0.12280701754385964,0.1896551724137931,0.17391304347826086
9003,tabular,difficulty,0,0.23666666666666666,0.23,0.7021276595744681,0.7037037037037037,0.7666666666666667,0.8253968253968254,0.796875,0.6037735849056604,0.8070175438596491,0.7719298245614035
9003,tabular,difficulty,1,0.79,0.7666666666666667,0.19298245614035087,0.22727272727272727,0.21212121212121213,0.2631578947368421,0.11320754716981132,0.17543859649122806,0.2535211267605634,0.19047619047619047
9003,tabular,difficulty,2,0.8333333333333334,0.8433333333333334,0.17307692307692307,0.1864406779661017,0.203125,0.19696969696969696,0.19230769230769232,0.15384615384615385,0.21818181818181817,0.1206896551724138
9003,tabular,difficulty,3,0.8466666666666667,0.8566666666666667,0.16666666666666666,0.14285714285714285,0.07017543859649122,0.11764705882352941,0.16,0.12280701754385964,0.1896551724137931,0.17391304347826086
9003,tabular,capability,0,0.31666666666666665,0.29333333333333333,0.6170212765957447,0.6296296296296297,0.6666666666666666,0.7142857142857143,0.703125,0.5283018867924528,0.7543859649122807,0.6842105263157895
9003,tabular,capability,1,0.8233333333333334,0.79,0.14035087719298245,0.1590909090909091,0.13636363636363635,0.17543859649122806,0.09433962264150944,0.19298245614035087,0.28169014084507044,0.19047619047619047
9003,tabular,capability,2,0.8333333333333334,0.8433333333333334,0.17307692307692307,0.1864406779661017,0.203125,0.19696969696969696,0.19230769230769232,0.15384615384615385,0.21818181818181817,0.1206896551724138
9003,tabular,capability,3,0.8466666666666667,0.8566666666666667,0.16666666666666666,0.14285714285714285,0.07017543859649122,0.11764705882352941,0.16,0.12280701754385964,0.1896551724137931,0.17391304347826086
9003,tabular,family,0,0.25333333333333335,0.24666666666666667,0.6808510638297872,0.7037037037037037,0.7666666666666667,0.746031746031746,0.78125,0.6037735849056604,0.7894736842105263,0.7719298245614035
9003,tabular,family,1,0.74,0.7233333333333334,0.42105263157894735,0.36363636363636365,0.21212121212121213,0.21052631578947367,0.1320754716981132,0.24561403508771928,0.28169014084507044,0.19047619047619047
9003,tabular,family,2,0.8333333333333334,0.8266666666666667,0.17307692307692307,0.1864406779661017,0.203125,0.19696969696969696,0.19230769230769232,0.15384615384615385,0.21818181818181817,0.1206896551724138
9003,tabular,family,3,0.8466666666666667,0.8566666666666667,0.16666666666666666,0.14285714285714285,0.07017543859649122,0.11764705882352941,0.16,0.12280701754385964,0.1896551724137931,0.17391304347826086
9003,tabular,failure,0,0.2833333333333333,0.25333333333333335,0.6808510638297872,0.5740740740740741,0.6666666666666666,0.8095238095238095,0.765625,0.6226415094339622,0.7719298245614035,0.7894736842105263
9003,tabular,failure,1,0.7166666666666667,0.6733333333333333,0.5087719298245614,0.20454545454545456,0.13636363636363635,0.40350877192982454,0.1320754716981132,0.3333333333333333,0.30985915492957744,0.2222222222222222
9003,tabular,failure,2,0.81,0.8133333333333334,0.28846153846153844,0.1864406779661017,0.203125,0.24242424242424243,0.19230769230769232,0.15384615384615385,0.21818181818181817,0.1206896551724138
9003,tabular,failure,3,0.8466666666666667,0.8566666666666667,0.16666666666666666,0.14285714285714285,0.07017543859649122,0.11764705882352941,0.16,0.12280701754385964,0.1896551724137931,0.17391304347826086
9003,tabular,random_gran,0,0.27,0.26666666666666666,0.6808510638297872,0.6851851851851852,0.7166666666666667,0.8095238095238095,0.765625,0.5849056603773585,0.7543859649122807,0.7368421052631579
9003,tabular,random_gran,1,0.7533333333333333,0.6966666666666667,0.3333333333333333,0.2727272727272727,0.21212121212121213,0.2807017543859649,0.1509433962264151,0.21052631578947367,0.28169014084507044,0.19047619047619047
9003,tabular,random_gran,2,0.8233333333333334,0.8233333333333334,0.17307692307692307,0.1864406779661017,0.203125,0.19696969696969696,0.21153846153846154,0.15384615384615385,0.21818181818181817,0.1724137931034483
9003,tabular,random_gran,3,0.8466666666666667,0.8566666666666667,0.16666666666666666,0.14285714285714285,0.07017543859649122,0.11764705882352941,0.16,0.12280701754385964,0.1896551724137931,0.17391304347826086
9004,tabular,uniform,0,0.3433333333333333,0.28,0.6271186440677966,0.717391304347826,0.7258064516129032,0.6333333333333333,0.7402597402597403,0.6923076923076923,0.5901639344262295,0.6229508196721312
9004,tabular,uniform,1,0.78,0.6433333333333333,0.21875,0.125,0.2033898305084746,0.14925373134328357,0.30357142857142855,0.27450980392156865,0.14545454545454545,0.22388059701492538
9004,tabular,uniform,2,0.8566666666666667,0.8566666666666667,0.07142857142857142,0.17142857142857143,0.1016949152542373,0.11320754716981132,0.08888888888888889,0.17857142857142858,0.22807017543859648,0.16363636363636364
9004,tabular,uniform,3,0.8933333333333333,0.8533333333333334,0.09090909090909091,0.1,0.10638297872340426,0.1111111111111111,0.04081632653061224,0.1509433962264151,0.1527777777777778,0.140625
9004,tabular,difficulty,0,0.30333333333333334,0.26666666666666666,0.6779661016949152,0.6956521739130435,0.7258064516129032,0.7,0.7532467532467533,0.6923076923076923,0.6229508196721312,0.7704918032786885
9004,tabular,difficulty,1,0.79,0.7166666666666667,0.171875,0.0625,0.1694915254237288,0.19402985074626866,0.26785714285714285,0.27450980392156865,0.14545454545454545,0.23880597014925373
9004,tabular,difficulty,2,0.8733333333333333,0.8666666666666667,0.07142857142857142,0.1,0.0847457627118644,0.09433962264150944,0.08888888888888889,0.17857142857142858,0.22807017543859648,0.16363636363636364
9004,tabular,difficulty,3,0.8933333333333333,0.8533333333333334,0.09090909090909091,0.1,0.10638297872340426,0.1111111111111111,0.04081632653061224,0.1509433962264151,0.1527777777777778,0.140625
9004,tabular,capability,0,0.31333333333333335,0.26666666666666666,0.6271186440677966,0.717391304347826,0.7258064516129032,0.7,0.7532467532467533,0.6730769230769231,0.6229508196721312,0.7377049180327869
9004,tabular,capability,1,0.79,0.67,0.171875,0.125,0.1864406779661017,0.208955223880597,0.30357142857142855,0.2549019607843137,0.14545454545454545,0.1791044776119403
9004,tabular,capability,2,0.8733333333333333,0.8666666666666667,0.07142857142857142,0.1,0.0847457627118644,0.09433962264150944,0.08888888888888889,0.17857142857142858,0.22807017543859648,0.16363636363636364
9004,tabular,capability,3,0.8933333333333333,0.8533333333333334,0.09090909090909091,0.1,0.10638297872340426,0.1111111111111111,0.04081632653061224,0.1509433962264151,0.1527777777777778,0.140625
9004,tabular,family,0,0.31666666666666665,0.27666666666666667,0.6101694915254238,0.717391304347826,0.7258064516129032,0.6833333333333333,0.7532467532467533,0.6730769230769231,0.6065573770491803,0.7704918032786885
9004,tabular,family,1,0.7466666666666667,0.59,0.234375,0.20833333333333334,0.13559322033898305,0.16417910447761194,0.32142857142857145,0.3137254901960784,0.23636363636363636,0.34328358208955223
9004,tabular,family,2,0.87,0.8566666666666667,0.07142857142857142,0.1,0.0847457627118644,0.09433962264150944,0.08888888888888889,0.17857142857142858,0.22807017543859648,0.18181818181818182
9004,tabular,family,3,0.8933333333333333,0.8533333333333334,0.09090909090909091,0.1,0.10638297872340426,0.1111111111111111,0.04081632653061224,0.1509433962264151,0.1527777777777778,0.140625
9004,tabular,failure,0,0.3333333333333333,0.27666666666666667,0.6440677966101694,0.717391304347826,0.7580645161290323,0.65,0.6883116883116883,0.6923076923076923,0.6557377049180327,0.6721311475409836
9004,tabular,failure,1,0.75,0.6066666666666667,0.15625,0.125,0.1694915254237288,0.29850746268656714,0.3392857142857143,0.37254901960784315,0.21818181818181817,0.2537313432835821
9004,tabular,failure,2,0.8666666666666667,0.85,0.07142857142857142,0.11428571428571428,0.11864406779661017,0.09433962264150944,0.08888888888888889,0.17857142857142858,0.22807017543859648,0.16363636363636364
9004,tabular,failure,3,0.8933333333333333,0.8533333333333334,0.09090909090909091,0.1,0.10638297872340426,0.1111111111111111,0.04081632653061224,0.1509433962264151,0.1527777777777778,0.140625
9004,tabular,random_gran,0,0.33,0.2866666666666667,0.6610169491525424,0.717391304347826,0.7258064516129032,0.6666666666666666,0.7402597402597403,0.6923076923076923,0.6065573770491803,0.6229508196721312
9004,tabular,random_gran,1,0.7833333333333333,0.6533333333333333,0.234375,0.10416666666666667,0.1694915254237288,0.208955223880597,0.23214285714285715,0.29411764705882354,0.2,0.208955223880597
9004,tabular,random_gran,2,0.87,0.8633333333333333,0.07142857142857142,0.1,0.0847457627118644,0.09433962264150944,0.08888888888888889,0.17857142857142858,0.24561403508771928,0.16363636363636364
9004,tabular,random_gran,3,0.8933333333333333,0.8533333333333334,0.09090909090909091,0.1,0.10638297872340426,0.1111111111111111,0.04081632653061224,0.1509433962264151,0.1527777777777778,0.140625
9005,tabular,uniform,0,0.26666666666666666,0.25666666666666665,0.7272727272727273,0.8,0.7115384615384616,0.6323529411764706,0.8333333333333334,0.6935483870967742,0.7017543859649122,0.703125
9005,tabular,uniform,1,0.7266666666666667,0.5633333333333334,0.2459016393442623,0.38235294117647056,0.20930232558139536,0.2459016393442623,0.3392857142857143,0.2608695652173913,0.10714285714285714,0.17857142857142858
9005,tabular,uniform,2,0.82,0.8133333333333334,0.19607843137254902,0.21818181818181817,0.2222222222222222,0.1111111111111111,0.21875,0.18309859154929578,0.2,0.1
9005,tabular,uniform,3,0.8666666666666667,0.82,0.10526315789473684,0.11475409836065574,0.14754098360655737,0.15,0.1864406779661017,0.12727272727272726,0.10869565217391304,0.19298245614035087
9005,tabular,difficulty,0,0.26666666666666666,0.25,0.7272727272727273,0.8181818181818182,0.7307692307692307,0.6911764705882353,0.7619047619047619,0.7258064516129032,0.5964912280701754,0.734375
9005,tabular,difficulty,1,0.8233333333333334,0.67,0.16393442622950818,0.17647058823529413,0.16279069767441862,0.21311475409836064,0.21428571428571427,0.14492753623188406,0.08928571428571429,0.07142857142857142
9005,tabular,difficulty,2,0.82,0.8133333333333334,0.19607843137254902,0.21818181818181817,0.2222222222222222,0.1111111111111111,0.21875,0.18309859154929578,0.2,0.1
9005,tabular,difficulty,3,0.8666666666666667,0.82,0.10526315789473684,0.11475409836065574,0.14754098360655737,0.15,0.1864406779661017,0.12727272727272726,0.10869565217391304,0.19298245614035087
9005,tabular,capability,0,0.26,0.26666666666666666,0.7272727272727273,0.7636363636363637,0.7115384615384616,0.6176470588235294,0.8333333333333334,0.7419354838709677,0.7368421052631579,0.6875
9005,tabular,capability,1,0.8033333333333333,0.6666666666666666,0.21311475409836064,0.3088235294117647,0.16279069767441862,0.16393442622950818,0.10714285714285714,0.2608695652173913,0.05357142857142857,0.07142857142857142
9005,tabular,capability,2,0.8166666666666667,0.8066666666666666,0.19607843137254902,0.21818181818181817,0.2222222222222222,0.1111111111111111,0.21875,0.19718309859154928,0.2,0.1
9005,tabular,capability,3,0.8566666666666667,0.82,0.10526315789473684,0.13114754098360656,0.14754098360655737,0.16666666666666666,0.1864406779661017,0.18181818181818182,0.13043478260869565,0.19298245614035087
9005,tabular,family,0,0.31666666666666665,0.2866666666666667,0.7090909090909091,0.6363636363636364,0.6923076923076923,0.6029411764705882,0.7619047619047619,0.6612903225806451,0.6666666666666666,0.609375
9005,tabular,family,1,0.7666666666666667,0.6266666666666667,0.18032786885245902,0.17647058823529413,0.11627906976744186,0.2459016393442623,0.25,0.21739130434782608,0.19642857142857142,0.25
9005,tabular,family,2,0.82,0.8133333333333334,0.19607843137254902,0.21818181818181817,0.2222222222222222,0.1111111111111111,0.21875,0.18309859154929578,0.2,0.1
9005,tabular,family,3,0.8666666666666667,0.82,0.10526315789473684,0.11475409836065574,0.14754098360655737,0.15,0.1864406779661017,0.12727272727272726,0.10869565217391304,0.19298245614035087
9005,tabular,failure,0,0.2866666666666667,0.27666666666666667,0.7090909090909091,0.6909090909090909,0.6730769230769231,0.6029411764705882,0.8095238095238095,0.7419354838709677,0.6666666666666666,0.6875
9005,tabular,failure,1,0.65,0.5533333333333333,0.2786885245901639,0.4117647058823529,0.11627906976744186,0.45901639344262296,0.32142857142857145,0.42028985507246375,0.14285714285714285,0.42857142857142855
9005,tabular,failure,2,0.8133333333333334,0.8033333333333333,0.19607843137254902,0.21818181818181817,0.24074074074074073,0.1111111111111111,0.234375,0.19718309859154928,0.2,0.1
9005,tabular,failure,3,0.8666666666666667,0.82,0.10526315789473684,0.11475409836065574,0.14754098360655737,0.15,0.1864406779661017,0.12727272727272726,0.10869565217391304,0.19298245614035087
9005,tabular,random_gran,0,0.2733333333333333,0.29333333333333333,0.7272727272727273,0.8,0.7307692307692307,0.6323529411764706,0.7142857142857143,0.6935483870967742,0.7192982456140351,0.703125
9005,tabular,random_gran,1,0.7633333333333333,0.6,0.2786885245901639,0.35294117647058826,0.13953488372093023,0.29508196721311475,0.16071428571428573,0.17391304347826086,0.21428571428571427,0.125
9005,tabular,random_gran,2,0.8133333333333334,0.8066666666666666,0.21568627450980393,0.21818181818181817,0.24074074074074073,0.12962962962962962,0.21875,0.18309859154929578,0.24,0.1
9005,tabular,random_gran,3,0.8666666666666667,0.82,0.10526315789473684,0.11475409836065574,0.14754098360655737,0.15,0.1864406779661017,0.12727272727272726,0.10869565217391304,0.19298245614035087
9006,tabular,uniform,0,0.33,0.27666666666666667,0.7407407407407407,0.7166666666666667,0.6481481481481481,0.6885245901639344,0.6666666666666666,0.7017543859649122,0.7555555555555555,0.6617647058823529
9006,tabular,uniform,1,0.6933333333333334,0.62,0.4426229508196721,0.3898305084745763,0.10714285714285714,0.27419354838709675,0.3392857142857143,0.34,0.25,0.3125
9006,tabular,uniform,2,0.87,0.79,0.15625,0.07547169811320754,0.12903225806451613,0.11764705882352941,0.14516129032258066,0.13559322033898305,0.1836734693877551,0.11538461538461539
9006,tabular,uniform,3,0.8733333333333333,0.82,0.14754098360655737,0.16071428571428573,0.17307692307692307,0.17391304347826086,0.14516129032258066,0.05,0.1,0.10344827586206896
9006,tabular,difficulty,0,0.3,0.26666666666666666,0.7962962962962963,0.75,0.6666666666666666,0.6229508196721312,0.7017543859649122,0.7192982456140351,0.7777777777777778,0.7647058823529411
9006,tabular,difficulty,1,0.81,0.72,0.22950819672131148,0.2542372881355932,0.07142857142857142,0.11290322580645161,0.26785714285714285,0.2,0.14285714285714285,0.21875
9006,tabular,difficulty,2,0.87,0.7933333333333333,0.15625,0.07547169811320754,0.12903225806451613,0.11764705882352941,0.14516129032258066,0.13559322033898305,0.1836734693877551,0.11538461538461539
9006,tabular,difficulty,3,0.8733333333333333,0.82,0.14754098360655737,0.16071428571428573,0.17307692307692307,0.17391304347826086,0.14516129032258066,0.05,0.1,0.10344827586206896
9006,tabular,capability,0,0.30666666666666664,0.27,0.7777777777777778,0.7333333333333333,0.6851851851851852,0.6557377049180327,0.7192982456140351,0.6842105263157895,0.7555555555555555,0.7058823529411765
9006,tabular,capability,1,0.7433333333333333,0.6566666666666666,0.21311475409836064,0.3389830508474576,0.14285714285714285,0.3064516129032258,0.32142857142857145,0.26,0.16071428571428573,0.28125
9006,tabular,capability,2,0.8666666666666667,0.7933333333333333,0.15625,0.07547169811320754,0.12903225806451613,0.1323529411764706,0.14516129032258066,0.13559322033898305,0.1836734693877551,0.1346153846153846
9006,tabular,capability,3,0.8733333333333333,0.82,0.14754098360655737,0.16071428571428573,0.17307692307692307,0.17391304347826086,0.14516129032258066,0.05,0.1,0.10344827586206896
9006,tabular,family,0,0.3,0.24,0.8148148148148148,0.75,0.6666666666666666,0.6885245901639344,0.6491228070175439,0.6666666666666666,0.8,0.7647058823529411
9006,tabular,family,1,0.67,0.5966666666666667,0.5245901639344263,0.3050847457627119,0.125,0.25806451612903225,0.39285714285714285,0.26,0.3392857142857143,0.5
9006,tabular,family,2,0.8566666666666667,0.7833333333333333,0.171875,0.07547169811320754,0.12903225806451613,0.14705882352941177,0.16129032258064516,0.15254237288135594,0.20408163265306123,0.1346153846153846
9006,tabular,family,3,0.8733333333333333,0.82,0.14754098360655737,0.16071428571428573,0.17307692307692307,0.17391304347826086,0.14516129032258066,0.05,0.1,0.10344827586206896
9006,tabular,failure,0,0.36,0.31666666666666665,0.7037037037037037,0.6333333333333333,0.6666666666666666,0.6721311475409836,0.631578947368421,0.5964912280701754,0.7333333333333333,0.6911764705882353
9006,tabular,failure,1,0.7066666666666667,0.5666666666666667,0.18032786885245902,0.2033898305084746,0.26785714285714285,0.4838709677419355,0.35714285714285715,0.34,0.2857142857142857,0.203125
9006,tabular,failure,2,0.8433333333333334,0.7833333333333333,0.15625,0.09433962264150944,0.12903225806451613,0.23529411764705882,0.14516129032258066,0.1694915254237288,0.1836734693877551,0.15384615384615385
9006,tabular,failure,3,0.8733333333333333,0.82,0.14754098360655737,0.16071428571428573,0.17307692307692307,0.17391304347826086,0.14516129032258066,0.05,0.1,0.10344827586206896
9006,tabular,random_gran,0,0.3233333333333333,0.27666666666666667,0.7222222222222222,0.7166666666666667,0.6851851851851852,0.6229508196721312,0.7368421052631579,0.6491228070175439,0.7777777777777778,0.7058823529411765
9006,tabular,random_gran,1,0.7133333333333334,0.6166666666666667,0.3442622950819672,0.3898305084745763,0.14285714285714285,0.16129032258064516,0.39285714285714285,0.26,0.35714285714285715,0.265625
9006,tabular,random_gran,2,0.8633333333333333,0.7866666666666666,0.15625,0.11320754716981132,0.12903225806451613,0.11764705882352941,0.14516129032258066,0.13559322033898305,0.1836734693877551,0.11538461538461539
9006,tabular,random_gran,3,0.8733333333333333,0.82,0.14754098360655737,0.16071428571428573,0.17307692307692307,0.17391304347826086,0.14516129032258066,0.05,0.1,0.10344827586206896
9007,tabular,uniform,0,0.3,0.26666666666666666,0.7605633802816901,0.7142857142857143,0.7454545454545455,0.5789473684210527,0.5932203389830508,0.7333333333333333,0.6923076923076923,0.7833333333333333
9007,tabular,uniform,1,0.7233333333333334,0.6466666666666666,0.3673469387755102,0.29310344827586204,0.14285714285714285,0.3050847457627119,0.25396825396825395,0.2727272727272727,0.3,0.2631578947368421
9007,tabular,uniform,2,0.8666666666666667,0.8566666666666667,0.1276595744680851,0.1346153846153846,0.09523809523809523,0.16417910447761194,0.05660377358490566,0.22448979591836735,0.17543859649122806,0.14285714285714285
9007,tabular,uniform,3,0.8833333333333333,0.8133333333333334,0.0625,0.11666666666666667,0.10204081632653061,0.16981132075471697,0.07692307692307693,0.1643835616438356,0.16071428571428573,0.08823529411764706
9007,tabular,difficulty,0,0.29333333333333333,0.25,0.7605633802816901,0.7142857142857143,0.7454545454545455,0.5789473684210527,0.6610169491525424,0.7,0.6923076923076923,0.7833333333333333
9007,tabular,difficulty,1,0.7966666666666666,0.7366666666666667,0.2653061224489796,0.1724137931034483,0.1111111111111111,0.22033898305084745,0.12698412698412698,0.23636363636363636,0.26,0.17543859649122806
9007,tabular,difficulty,2,0.8733333333333333,0.8566666666666667,0.0851063829787234,0.1346153846153846,0.09523809523809523,0.14925373134328357,0.05660377358490566,0.20408163265306123,0.17543859649122806,0.14285714285714285
9007,tabular,difficulty,3,0.8833333333333333,0.8133333333333334,0.0625,0.11666666666666667,0.10204081632653061,0.16981132075471697,0.07692307692307693,0.1643835616438356,0.16071428571428573,0.08823529411764706
9007,tabular,capability,0,0.30333333333333334,0.2866666666666667,0.7323943661971831,0.7619047619047619,0.6727272727272727,0.5614035087719298,0.6779661016949152,0.6833333333333333,0.6923076923076923,0.7833333333333333
9007,tabular,capability,1,0.7566666666666667,0.6966666666666667,0.3673469387755102,0.46551724137931033,0.2222222222222222,0.1864406779661017,0.23809523809523808,0.09090909090909091,0.14,0.15789473684210525
9007,tabular,capability,2,0.8733333333333333,0.8566666666666667,0.0851063829787234,0.1346153846153846,0.09523809523809523,0.14925373134328357,0.05660377358490566,0.20408163265306123,0.17543859649122806,0.14285714285714285
9007,tabular,capability,3,0.8833333333333333,0.8133333333333334,0.0625,0.11666666666666667,0.10204081632653061,0.16981132075471697,0.07692307692307693,0.1643835616438356,0.16071428571428573,0.08823529411764706
9007,tabular,family,0,0.33666666666666667,0.2966666666666667,0.704225352112676,0.746031746031746,0.7090909090909091,0.5614035087719298,0.559322033898305,0.6166666666666667,0.6730769230769231,0.75
9007,tabular,family,1,0.72,0.6466666666666666,0.20408163265306123,0.29310344827586204,0.25396825396825395,0.3220338983050847,0.2698412698412698,0.2545454545454545,0.28,0.2982456140350877
9007,tabular,family,2,0.87,0.85,0.10638297872340426,0.15384615384615385,0.09523809523809523,0.14925373134328357,0.05660377358490566,0.20408163265306123,0.17543859649122806,0.14285714285714285
9007,tabular,family,3,0.8833333333333333,0.8133333333333334,0.0625,0.11666666666666667,0.10204081632653061,0.16981132075471697,0.07692307692307693,0.1643835616438356,0.16071428571428573,0.08823529411764706
9007,tabular,failure,0,0.2966666666666667,0.2633333333333333,0.7464788732394366,0.7619047619047619,0.7454545454545455,0.5614035087719298,0.6101694915254238,0.7166666666666667,0.6923076923076923,0.7833333333333333
9007,tabular,failure,1,0.71,0.6466666666666666,0.32653061224489793,0.39655172413793105,0.20634920634920634,0.2711864406779661,0.20634920634920634,0.38181818181818183,0.26,0.21052631578947367
9007,tabular,failure,2,0.8533333333333334,0.8166666666666667,0.10638297872340426,0.1346153846153846,0.13095238095238096,0.23880597014925373,0.05660377358490566,0.20408163265306123,0.21052631578947367,0.15873015873015872
9007,tabular,failure,3,0.8566666666666667,0.7966666666666666,0.08333333333333333,0.11666666666666667,0.10204081632653061,0.32075471698113206,0.07692307692307693,0.1643835616438356,0.16071428571428573,0.10294117647058823
9007,tabular,random_gran,0,0.31333333333333335,0.29,0.7605633802816901,0.6984126984126984,0.7272727272727273,0.543859649122807,0.576271186440678,0.7333333333333333,0.6730769230769231,0.7666666666666667
9007,tabular,random_gran,1,0.7133333333333334,0.6666666666666666,0.2653061224489796,0.3620689655172414,0.2698412698412698,0.23728813559322035,0.23809523809523808,0.32727272727272727,0.28,0.24561403508771928
9007,tabular,random_gran,2,0.8733333333333333,0.8566666666666667,0.0851063829787234,0.1346153846153846,0.09523809523809523,0.14925373134328357,0.05660377358490566,0.20408163265306123,0.17543859649122806,0.14285714285714285
9007,tabular,random_gran,3,0.8833333333333333,0.8133333333333334,0.0625,0.11666666666666667,0.10204081632653061,0.16981132075471697,0.07692307692307693,0.1643835616438356,0.16071428571428573,0.08823529411764706
9008,tabular,uniform,0,0.25333333333333335,0.27666666666666667,0.7547169811320755,0.7794117647058824,0.7017543859649122,0.8070175438596491,0.6779661016949152,0.7192982456140351,0.6615384615384615,0.8461538461538461
9008,tabular,uniform,1,0.7833333333333333,0.66,0.24193548387096775,0.23076923076923078,0.15384615384615385,0.32608695652173914,0.15384615384615385,0.32142857142857145,0.2,0.18309859154929578
9008,tabular,uniform,2,0.8433333333333334,0.7466666666666667,0.1111111111111111,0.12307692307692308,0.15384615384615385,0.2222222222222222,0.2,0.12698412698412698,0.16326530612244897,0.1232876712328767
9008,tabular,uniform,3,0.87,0.83,0.14084507042253522,0.2,0.07547169811320754,0.16981132075471697,0.1267605633802817,0.16666666666666666,0.09803921568627451,0.12121212121212122
9008,tabular,difficulty,0,0.26,0.29333333333333333,0.7169811320754716,0.7058823529411765,0.6842105263157895,0.7368421052631579,0.7288135593220338,0.7192982456140351,0.7076923076923077,0.8461538461538461
9008,tabular,difficulty,1,0.8433333333333334,0.7266666666666667,0.3064516129032258,0.18461538461538463,0.07692307692307693,0.21739130434782608,0.11538461538461539,0.23214285714285715,0.05714285714285714,0.14084507042253522
9008,tabular,difficulty,2,0.8666666666666667,0.7833333333333333,0.1111111111111111,0.1076923076923077,0.15384615384615385,0.14814814814814814,0.18333333333333332,0.1111111111111111,0.10204081632653061,0.1232876712328767
9008,tabular,difficulty,3,0.87,0.83,0.14084507042253522,0.2,0.07547169811320754,0.16981132075471697,0.1267605633802817,0.16666666666666666,0.09803921568627451,0.12121212121212122
9008,tabular,capability,0,0.25,0.29,0.7735849056603774,0.7794117647058824,0.7017543859649122,0.7719298245614035,0.6779661016949152,0.7192982456140351,0.676923076923077,0.8461538461538461
9008,tabular,capability,1,0.8433333333333334,0.7133333333333334,0.27419354838709675,0.2,0.07692307692307693,0.1956521739130435,0.09615384615384616,0.26785714285714285,0.07142857142857142,0.14084507042253522
9008,tabular,capability,2,0.8666666666666667,0.7833333333333333,0.1111111111111111,0.1076923076923077,0.15384615384615385,0.14814814814814814,0.18333333333333332,0.1111111111111111,0.10204081632653061,0.1232876712328767
9008,tabular,capability,3,0.87,0.83,0.14084507042253522,0.2,0.07547169811320754,0.16981132075471697,0.1267605633802817,0.16666666666666666,0.09803921568627451,0.12121212121212122
9008,tabular,family,0,0.2733333333333333,0.31333333333333335,0.6981132075471698,0.6764705882352942,0.6491228070175439,0.7368421052631579,0.7288135593220338,0.7192982456140351,0.6923076923076923,0.8461538461538461
9008,tabular,family,1,0.76,0.65,0.3548387096774194,0.23076923076923078,0.12307692307692308,0.2608695652173913,0.21153846153846154,0.39285714285714285,0.11428571428571428,0.2535211267605634
9008,tabular,family,2,0.8366666666666667,0.7666666666666667,0.1111111111111111,0.16923076923076924,0.15384615384615385,0.25925925925925924,0.2,0.12698412698412698,0.10204081632653061,0.136986301369863
9008,tabular,family,3,0.87,0.83,0.14084507042253522,0.2,0.07547169811320754,0.16981132075471697,0.1267605633802817,0.16666666666666666,0.09803921568627451,0.12121212121212122
9008,tabular,failure,0,0.24333333333333335,0.26,0.7735849056603774,0.75,0.7543859649122807,0.7719298245614035,0.6779661016949152,0.7543859649122807,0.6923076923076923,0.8461538461538461
9008,tabular,failure,1,0.7033333333333334,0.5833333333333334,0.3709677419354839,0.3230769230769231,0.2153846153846154,0.2826086956521739,0.21153846153846154,0.39285714285714285,0.22857142857142856,0.3380281690140845
9008,tabular,failure,2,0.84,0.7533333333333333,0.1111111111111111,0.16923076923076924,0.15384615384615385,0.16666666666666666,0.18333333333333332,0.14285714285714285,0.16326530612244897,0.1506849315068493
9008,tabular,failure,3,0.87,0.83,0.14084507042253522,0.2,0.07547169811320754,0.16981132075471697,0.1267605633802817,0.16666666666666666,0.09803921568627451,0.12121212121212122
9008,tabular,random_gran,0,0.25666666666666665,0.2866666666666667,0.7358490566037735,0.7205882352941176,0.7017543859649122,0.7719298245614035,0.711864406779661,0.7368421052631579,0.676923076923077,0.8269230769230769
9008,tabular,random_gran,1,0.7766666666666666,0.67,0.1774193548387097,0.23076923076923078,0.23076923076923078,0.32608695652173914,0.17307692307692307,0.39285714285714285,0.15714285714285714,0.19718309859154928
9008,tabular,random_gran,2,0.8633333333333333,0.7833333333333333,0.1111111111111111,0.12307692307692308,0.15384615384615385,0.16666666666666666,0.18333333333333332,0.1111111111111111,0.10204081632653061,0.1232876712328767
9008,tabular,random_gran,3,0.87,0.83,0.14084507042253522,0.2,0.07547169811320754,0.16981132075471697,0.1267605633802817,0.16666666666666666,0.09803921568627451,0.12121212121212122
9009,tabular,uniform,0,0.30333333333333334,0.21333333333333335,0.6981132075471698,0.6938775510204082,0.660377358490566,0.7671232876712328,0.7777777777777778,0.589041095890411,0.6491228070175439,0.6842105263157895
9009,tabular,uniform,1,0.68,0.6333333333333333,0.41379310344827586,0.2698412698412698,0.2545454545454545,0.3125,0.3142857142857143,0.4339622641509434,0.328125,0.42
9009,tabular,uniform,2,0.9066666666666666,0.8233333333333334,0.12,0.06896551724137931,0.1016949152542373,0.08571428571428572,0.08823529411764706,0.1896551724137931,0.09615384615384616,0.044444444444444446
9009,tabular,uniform,3,0.88,0.85,0.07547169811320754,0.11764705882352941,0.08163265306122448,0.14545454545454545,0.16417910447761194,0.15873015873015872,0.14925373134328357,0.16279069767441862
9009,tabular,difficulty,0,0.3233333333333333,0.22333333333333333,0.660377358490566,0.6938775510204082,0.5849056603773585,0.6986301369863014,0.7111111111111111,0.6164383561643836,0.7192982456140351,0.6842105263157895
9009,tabular,difficulty,1,0.7533333333333333,0.7533333333333333,0.3103448275862069,0.31746031746031744,0.16363636363636364,0.2916666666666667,0.14285714285714285,0.22641509433962265,0.34375,0.28
9009,tabular,difficulty,2,0.91,0.83,0.1,0.06896551724137931,0.1016949152542373,0.08571428571428572,0.07352941176470588,0.1896551724137931,0.07692307692307693,0.044444444444444446
9009,tabular,difficulty,3,0.88,0.85,0.07547169811320754,0.11764705882352941,0.08163265306122448,0.14545454545454545,0.16417910447761194,0.15873015873015872,0.14925373134328357,0.16279069767441862
9009,tabular,capability,0,0.31333333333333335,0.23666666666666666,0.660377358490566,0.673469387755102,0.6037735849056604,0.6575342465753424,0.8,0.6986301369863014,0.6666666666666666,0.631578947368421
9009,tabular,capability,1,0.7833333333333333,0.73,0.25862068965517243,0.2857142857142857,0.16363636363636364,0.2916666666666667,0.15714285714285714,0.2641509433962264,0.21875,0.22
9009,tabular,capability,2,0.91,0.83,0.1,0.06896551724137931,0.1016949152542373,0.08571428571428572,0.07352941176470588,0.1896551724137931,0.07692307692307693,0.044444444444444446
9009,tabular,capability,3,0.88,0.85,0.07547169811320754,0.11764705882352941,0.08163265306122448,0.14545454545454545,0.16417910447761194,0.15873015873015872,0.14925373134328357,0.16279069767441862
9009,tabular,family,0,0.29,0.21333333333333335,0.660377358490566,0.7142857142857143,0.6415094339622641,0.7397260273972602,0.7777777777777778,0.684931506849315,0.6491228070175439,0.6666666666666666
9009,tabular,family,1,0.6766666666666666,0.6333333333333333,0.3620689655172414,0.25396825396825395,0.2545454545454545,0.3958333333333333,0.32857142857142857,0.49056603773584906,0.28125,0.42
9009,tabular,family,2,0.8833333333333333,0.81,0.12,0.06896551724137931,0.1016949152542373,0.1,0.1323529411764706,0.25862068965517243,0.11538461538461539,0.044444444444444446
9009,tabular,family,3,0.88,0.85,0.07547169811320754,0.11764705882352941,0.08163265306122448,0.14545454545454545,0.16417910447761194,0.15873015873015872,0.14925373134328357,0.16279069767441862
9009,tabular,failure,0,0.31666666666666665,0.22,0.6226415094339622,0.7142857142857143,0.660377358490566,0.7534246575342466,0.7555555555555555,0.589041095890411,0.631578947368421,0.6666666666666666
9009,tabular,failure,1,0.6766666666666666,0.6266666666666667,0.29310344827586204,0.4126984126984127,0.2,0.4166666666666667,0.2571428571428571,0.33962264150943394,0.359375,0.52
9009,tabular,failure,2,0.88,0.8066666666666666,0.12,0.06896551724137931,0.15254237288135594,0.15714285714285714,0.10294117647058823,0.1896551724137931,0.1346153846153846,0.08888888888888889
9009,tabular,failure,3,0.88,0.85,0.07547169811320754,0.11764705882352941,0.08163265306122448,0.14545454545454545,0.16417910447761194,0.15873015873015872,0.14925373134328357,0.16279069767441862
9009,tabular,random_gran,0,0.35,0.28,0.6037735849056604,0.6938775510204082,0.5849056603773585,0.684931506849315,0.6,0.6301369863013698,0.6666666666666666,0.631578947368421
9009,tabular,random_gran,1,0.7633333333333333,0.71,0.22413793103448276,0.31746031746031744,0.18181818181818182,0.3125,0.14285714285714285,0.2641509433962264,0.28125,0.28
9009,tabular,random_gran,2,0.91,0.8266666666666667,0.1,0.06896551724137931,0.1016949152542373,0.08571428571428572,0.07352941176470588,0.1896551724137931,0.07692307692307693,0.044444444444444446
9009,tabular,random_gran,3,0.88,0.85,0.07547169811320754,0.11764705882352941,0.08163265306122448,0.14545454545454545,0.16417910447761194,0.15873015873015872,0.14925373134328357,0.16279069767441862
9010,tabular,uniform,0,0.31666666666666665,0.18666666666666668,0.6785714285714286,0.5892857142857143,0.75,0.6129032258064516,0.6507936507936508,0.7608695652173914,0.5116279069767442,0.7258064516129032
9010,tabular,uniform,1,0.6866666666666666,0.6433333333333333,0.23880597014925373,0.3877551020408163,0.25675675675675674,0.21568627450980393,0.38596491228070173,0.38596491228070173,0.43137254901960786,0.4067796610169492
9010,tabular,uniform,2,0.8966666666666666,0.8266666666666667,0.1323529411764706,0.06779661016949153,0.1956521739130435,0.1111111111111111,0.06,0.06666666666666667,0.06451612903225806,0.109375
9010,tabular,uniform,3,0.8766666666666667,0.86,0.22641509433962265,0.09090909090909091,0.09090909090909091,0.09090909090909091,0.18181818181818182,0.12280701754385964,0.07017543859649122,0.11538461538461539
9010,tabular,difficulty,0,0.32666666666666666,0.19666666666666666,0.7142857142857143,0.5714285714285714,0.75,0.5967741935483871,0.6349206349206349,0.7608695652173914,0.4883720930232558,0.6612903225806451
9010,tabular,difficulty,1,0.7933333333333333,0.77,0.19402985074626866,0.32653061224489793,0.24324324324324326,0.13725490196078433,0.22807017543859648,0.22807017543859648,0.23529411764705882,0.1864406779661017
9010,tabular,difficulty,2,0.9033333333333333,0.83,0.1323529411764706,0.05084745762711865,0.17391304347826086,0.09259259259259259,0.06,0.06666666666666667,0.06451612903225806,0.109375
9010,tabular,difficulty,3,0.8766666666666667,0.86,0.22641509433962265,0.09090909090909091,0.09090909090909091,0.09090909090909091,0.18181818181818182,0.12280701754385964,0.07017543859649122,0.11538461538461539
9010,tabular,capability,0,0.33,0.2,0.7142857142857143,0.5714285714285714,0.75,0.5806451612903226,0.6349206349206349,0.7608695652173914,0.4883720930232558,0.6612903225806451
9010,tabular,capability,1,0.78,0.77,0.23880597014925373,0.2653061224489796,0.22972972972972974,0.1568627450980392,0.22807017543859648,0.22807017543859648,0.35294117647058826,0.1864406779661017
9010,tabular,capability,2,0.9,0.8233333333333334,0.1323529411764706,0.05084745762711865,0.17391304347826086,0.09259259259259259,0.06,0.06666666666666667,0.08064516129032258,0.109375
9010,tabular,capability,3,0.8766666666666667,0.86,0.22641509433962265,0.09090909090909091,0.09090909090909091,0.09090909090909091,0.18181818181818182,0.12280701754385964,0.07017543859649122,0.11538461538461539
9010,tabular,family,0,0.33666666666666667,0.21333333333333335,0.6785714285714286,0.5714285714285714,0.765625,0.5967741935483871,0.5873015873015873,0.7608695652173914,0.4418604651162791,0.6935483870967742
9010,tabular,family,1,0.7033333333333334,0.66,0.31343283582089554,0.3469387755102041,0.25675675675675674,0.21568627450980393,0.3684210526315789,0.2982456140350877,0.37254901960784315,0.3559322033898305
9010,tabular,family,2,0.8966666666666666,0.81,0.1323529411764706,0.05084745762711865,0.17391304347826086,0.09259259259259259,0.08,0.06666666666666667,0.08064516129032258,0.109375
9010,tabular,family,3,0.8766666666666667,0.86,0.22641509433962265,0.09090909090909091,0.09090909090909091,0.09090909090909091,0.18181818181818182,0.12280701754385964,0.07017543859649122,0.11538461538461539
9010,tabular,failure,0,0.32666666666666666,0.19333333333333333,0.7142857142857143,0.5714285714285714,0.75,0.6451612903225806,0.6031746031746031,0.7608695652173914,0.4883720930232558,0.6774193548387096
9010,tabular,failure,1,0.6333333333333333,0.6033333333333334,0.44776119402985076,0.32653061224489793,0.28378378378378377,0.23529411764705882,0.5087719298245614,0.49122807017543857,0.4117647058823529,0.423728813559322
9010,tabular,failure,2,0.86,0.78,0.29411764705882354,0.06779661016949153,0.1956521739130435,0.09259259259259259,0.1,0.06666666666666667,0.0967741935483871,0.125
9010,tabular,failure,3,0.8766666666666667,0.86,0.22641509433962265,0.09090909090909091,0.09090909090909091,0.09090909090909091,0.18181818181818182,0.12280701754385964,0.07017543859649122,0.11538461538461539
9010,tabular,random_gran,0,0.31333333333333335,0.2,0.7142857142857143,0.5714285714285714,0.75,0.6290322580645161,0.6507936507936508,0.7608695652173914,0.5116279069767442,0.7096774193548387
9010,tabular,random_gran,1,0.7,0.6533333333333333,0.34328358208955223,0.4489795918367347,0.28378378378378377,0.17647058823529413,0.3333333333333333,0.2807017543859649,0.3333333333333333,0.3559322033898305
9010,tabular,random_gran,2,0.8766666666666667,0.81,0.14705882352941177,0.15254237288135594,0.2391304347826087,0.1111111111111111,0.06,0.06666666666666667,0.08064516129032258,0.109375
9010,tabular,random_gran,3,0.8766666666666667,0.86,0.22641509433962265,0.09090909090909091,0.09090909090909091,0.09090909090909091,0.18181818181818182,0.12280701754385964,0.07017543859649122,0.11538461538461539
9011,tabular,uniform,0,0.3233333333333333,0.24333333333333335,0.6885245901639344,0.6,0.7586206896551724,0.711864406779661,0.7647058823529411,0.6538461538461539,0.6181818181818182,0.7647058823529411
9011,tabular,uniform,1,0.7433333333333333,0.7133333333333334,0.2916666666666667,0.22413793103448276,0.24074074074074073,0.17857142857142858,0.3157894736842105,0.43137254901960786,0.2608695652173913,0.22413793103448276
9011,tabular,uniform,2,0.8433333333333334,0.8566666666666667,0.2153846153846154,0.16666666666666666,0.12244897959183673,0.20833333333333334,0.15873015873015872,0.16393442622950818,0.15151515151515152,0.0945945945945946
9011,tabular,uniform,3,0.87,0.85,0.14285714285714285,0.13793103448275862,0.12727272727272726,0.18309859154929578,0.14705882352941177,0.12280701754385964,0.07692307692307693,0.08064516129032258
9011,tabular,difficulty,0,0.31333333333333335,0.25666666666666665,0.6885245901639344,0.6,0.7586206896551724,0.711864406779661,0.8235294117647058,0.6346153846153846,0.6727272727272727,0.7352941176470589
9011,tabular,difficulty,1,0.8066666666666666,0.79,0.20833333333333334,0.13793103448275862,0.16666666666666666,0.19642857142857142,0.19298245614035087,0.23529411764705882,0.2608695652173913,0.1896551724137931
9011,tabular,difficulty,2,0.85,0.86,0.2153846153846154,0.16666666666666666,0.10204081632653061,0.20833333333333334,0.15873015873015872,0.13114754098360656,0.15151515151515152,0.0945945945945946
9011,tabular,difficulty,3,0.87,0.85,0.14285714285714285,0.13793103448275862,0.12727272727272726,0.18309859154929578,0.14705882352941177,0.12280701754385964,0.07692307692307693,0.08064516129032258
9011,tabular,capability,0,0.31333333333333335,0.24333333333333335,0.6885245901639344,0.6363636363636364,0.7931034482758621,0.711864406779661,0.7647058823529411,0.6538461538461539,0.6,0.7647058823529411
9011,tabular,capability,1,0.8033333333333333,0.79,0.1527777777777778,0.13793103448275862,0.2222222222222222,0.16071428571428573,0.17543859649122806,0.23529411764705882,0.2753623188405797,0.1896551724137931
9011,tabular,capability,2,0.85,0.86,0.2153846153846154,0.16666666666666666,0.10204081632653061,0.20833333333333334,0.15873015873015872,0.13114754098360656,0.15151515151515152,0.0945945945945946
9011,tabular,capability,3,0.87,0.85,0.14285714285714285,0.13793103448275862,0.12727272727272726,0.18309859154929578,0.14705882352941177,0.12280701754385964,0.07692307692307693,0.08064516129032258
9011,tabular,family,0,0.31,0.25333333333333335,0.6885245901639344,0.6363636363636364,0.7931034482758621,0.711864406779661,0.8088235294117647,0.6346153846153846,0.6363636363636364,0.75
9011,tabular,family,1,0.6933333333333334,0.6633333333333333,0.375,0.41379310344827586,0.3333333333333333,0.2857142857142857,0.21052631578947367,0.3137254901960784,0.30434782608695654,0.25862068965517243
9011,tabular,family,2,0.84,0.8433333333333334,0.2153846153846154,0.2222222222222222,0.10204081632653061,0.20833333333333334,0.1746031746031746,0.13114754098360656,0.15151515151515152,0.0945945945945946
9011,tabular,family,3,0.87,0.85,0.14285714285714285,0.13793103448275862,0.12727272727272726,0.18309859154929578,0.14705882352941177,0.12280701754385964,0.07692307692307693,0.08064516129032258
9011,tabular,failure,0,0.31666666666666665,0.24666666666666667,0.6721311475409836,0.6181818181818182,0.7758620689655172,0.7288135593220338,0.8088235294117647,0.6538461538461539,0.6363636363636364,0.7205882352941176
9011,tabular,failure,1,0.6966666666666667,0.6766666666666666,0.2777777777777778,0.3275862068965517,0.2222222222222222,0.26785714285714285,0.42105263157894735,0.43137254901960786,0.2898550724637681,0.27586206896551724
9011,tabular,failure,2,0.8366666666666667,0.84,0.23076923076923078,0.2222222222222222,0.10204081632653061,0.20833333333333334,0.1746031746031746,0.13114754098360656,0.15151515151515152,0.0945945945945946
9011,tabular,failure,3,0.87,0.85,0.14285714285714285,0.13793103448275862,0.12727272727272726,0.18309859154929578,0.14705882352941177,0.12280701754385964,0.07692307692307693,0.08064516129032258
9011,tabular,random_gran,0,0.32,0.25666666666666665,0.6885245901639344,0.6,0.7241379310344828,0.711864406779661,0.7794117647058824,0.6538461538461539,0.6727272727272727,0.7352941176470589
9011,tabular,random_gran,1,0.7566666666666667,0.7233333333333334,0.2638888888888889,0.1896551724137931,0.24074074074074073,0.17857142857142858,0.24561403508771928,0.3333333333333333,0.2898550724637681,0.20689655172413793
9011,tabular,random_gran,2,0.85,0.8566666666666667,0.2153846153846154,0.16666666666666666,0.10204081632653061,0.20833333333333334,0.15873015873015872,0.13114754098360656,0.15151515151515152,0.0945945945945946
9011,tabular,random_gran,3,0.87,0.85,0.14285714285714285,0.13793103448275862,0.12727272727272726,0.18309859154929578,0.14705882352941177,0.12280701754385964,0.07692307692307693,0.08064516129032258
9012,tabular,uniform,0,0.3233333333333333,0.2833333333333333,0.7377049180327869,0.6857142857142857,0.660377358490566,0.7457627118644068,0.6724137931034483,0.7,0.6666666666666666,0.7291666666666666
9012,tabular,uniform,1,0.7533333333333333,0.7133333333333334,0.2537313432835821,0.2727272727272727,0.35294117647058826,0.22448979591836735,0.14285714285714285,0.3287671232876712,0.15384615384615385,0.16393442622950818
9012,tabular,uniform,2,0.85,0.8533333333333334,0.0847457627118644,0.1864406779661017,0.18518518518518517,0.08163265306122448,0.15517241379310345,0.15789473684210525,0.2413793103448276,0.06779661016949153
9012,tabular,uniform,3,0.8533333333333334,0.8566666666666667,0.1791044776119403,0.1896551724137931,0.11538461538461539,0.16981132075471697,0.1896551724137931,0.12698412698412698,0.12727272727272726,0.11320754716981132
9012,tabular,difficulty,0,0.31,0.28,0.8032786885245902,0.6571428571428571,0.6981132075471698,0.7966101694915254,0.6724137931034483,0.74,0.6666666666666666,0.6875
9012,tabular,difficulty,1,0.81,0.78,0.23880597014925373,0.23636363636363636,0.3137254901960784,0.16326530612244897,0.07142857142857142,0.2191780821917808,0.1346153846153846,0.03278688524590164
9012,tabular,difficulty,2,0.8566666666666667,0.86,0.0847457627118644,0.1864406779661017,0.18518518518518517,0.08163265306122448,0.15517241379310345,0.12280701754385964,0.22413793103448276,0.06779661016949153
9012,tabular,difficulty,3,0.8533333333333334,0.8566666666666667,0.1791044776119403,0.1896551724137931,0.11538461538461539,0.16981132075471697,0.1896551724137931,0.12698412698412698,0.12727272727272726,0.11320754716981132
9012,tabular,capability,0,0.3,0.2633333333333333,0.7868852459016393,0.7,0.7169811320754716,0.7457627118644068,0.7068965517241379,0.72,0.6825396825396826,0.6875
9012,tabular,capability,1,0.8133333333333334,0.7533333333333333,0.1791044776119403,0.32727272727272727,0.3333333333333333,0.22448979591836735,0.10714285714285714,0.1506849315068493,0.07692307692307693,0.08196721311475409
9012,tabular,capability,2,0.8566666666666667,0.86,0.0847457627118644,0.1864406779661017,0.18518518518518517,0.08163265306122448,0.15517241379310345,0.12280701754385964,0.22413793103448276,0.06779661016949153
9012,tabular,capability,3,0.8533333333333334,0.8566666666666667,0.1791044776119403,0.1896551724137931,0.11538461538461539,0.16981132075471697,0.1896551724137931,0.12698412698412698,0.12727272727272726,0.11320754716981132
9012,tabular,family,0,0.31333333333333335,0.28,0.7540983606557377,0.6714285714285714,0.6792452830188679,0.7627118644067796,0.6724137931034483,0.76,0.6666666666666666,0.7291666666666666
9012,tabular,family,1,0.69,0.68,0.417910447761194,0.5272727272727272,0.3333333333333333,0.14285714285714285,0.30357142857142855,0.3561643835616438,0.1346153846153846,0.18032786885245902
9012,tabular,family,2,0.83,0.8533333333333334,0.13559322033898305,0.22033898305084745,0.18518518518518517,0.10204081632653061,0.1724137931034483,0.15789473684210525,0.2413793103448276,0.15254237288135594
9012,tabular,family,3,0.8533333333333334,0.8566666666666667,0.1791044776119403,0.1896551724137931,0.11538461538461539,0.16981132075471697,0.1896551724137931,0.12698412698412698,0.12727272727272726,0.11320754716981132
9012,tabular,failure,0,0.33,0.30333333333333334,0.7213114754098361,0.6714285714285714,0.660377358490566,0.6949152542372882,0.6724137931034483,0.7,0.6984126984126984,0.7291666666666666
9012,tabular,failure,1,0.7033333333333334,0.6533333333333333,0.2537313432835821,0.509090909090909,0.35294117647058826,0.30612244897959184,0.17857142857142858,0.3424657534246575,0.11538461538461539,0.2459016393442623
9012,tabular,failure,2,0.8266666666666667,0.85,0.13559322033898305,0.23728813559322035,0.18518518518518517,0.12244897959183673,0.1724137931034483,0.17543859649122806,0.25862068965517243,0.13559322033898305
9012,tabular,failure,3,0.8533333333333334,0.8566666666666667,0.1791044776119403,0.1896551724137931,0.11538461538461539,0.16981132075471697,0.1896551724137931,0.12698412698412698,0.12727272727272726,0.11320754716981132
9012,tabular,random_gran,0,0.31666666666666665,0.27666666666666667,0.7704918032786885,0.6428571428571429,0.6792452830188679,0.7966101694915254,0.6724137931034483,0.74,0.6825396825396826,0.6666666666666666
9012,tabular,random_gran,1,0.7266666666666667,0.6766666666666666,0.29850746268656714,0.36363636363636365,0.35294117647058826,0.22448979591836735,0.21428571428571427,0.3287671232876712,0.19230769230769232,0.09836065573770492
9012,tabular,random_gran,2,0.8466666666666667,0.8533333333333334,0.0847457627118644,0.1864406779661017,0.18518518518518517,0.08163265306122448,0.15517241379310345,0.14035087719298245,0.27586206896551724,0.06779661016949153
9012,tabular,random_gran,3,0.8533333333333334,0.8566666666666667,0.1791044776119403,0.1896551724137931,0.11538461538461539,0.16981132075471697,0.1896551724137931,0.12698412698412698,0.12727272727272726,0.11320754716981132
9013,tabular,uniform,0,0.27666666666666667,0.27666666666666667,0.6896551724137931,0.7627118644067796,0.8,0.7121212121212122,0.7931034482758621,0.5925925925925926,0.6857142857142857,0.7169811320754716
9013,tabular,uniform,1,0.7033333333333334,0.6133333333333333,0.2318840579710145,0.34615384615384615,0.39622641509433965,0.24,0.3559322033898305,0.2898550724637681,0.21875,0.3508771929824561
9013,tabular,uniform,2,0.8666666666666667,0.7666666666666667,0.16666666666666666,0.16981132075471697,0.09259259259259259,0.19298245614035087,0.14035087719298245,0.1111111111111111,0.09259259259259259,0.08196721311475409
9013,tabular,uniform,3,0.8933333333333333,0.7766666666666666,0.1320754716981132,0.046153846153846156,0.14,0.12,0.03636363636363636,0.136986301369863,0.14545454545454545,0.11475409836065574
9013,tabular,difficulty,0,0.2966666666666667,0.30666666666666664,0.6551724137931034,0.6949152542372882,0.8,0.696969696969697,0.7758620689655172,0.5555555555555556,0.7,0.7169811320754716
9013,tabular,difficulty,1,0.8266666666666667,0.7566666666666667,0.08695652173913043,0.25,0.22641509433962265,0.14666666666666667,0.1016949152542373,0.2028985507246377,0.15625,0.24561403508771928
9013,tabular,difficulty,2,0.8666666666666667,0.78,0.16666666666666666,0.16981132075471697,0.09259259259259259,0.19298245614035087,0.14035087719298245,0.1111111111111111,0.09259259259259259,0.08196721311475409
9013,tabular,difficulty,3,0.8933333333333333,0.7766666666666666,0.1320754716981132,0.046153846153846156,0.14,0.12,0.03636363636363636,0.136986301369863,0.14545454545454545,0.11475409836065574
9013,tabular,capability,0,0.29,0.29,0.6896551724137931,0.7457627118644068,0.7571428571428571,0.696969696969697,0.7758620689655172,0.6111111111111112,0.6714285714285714,0.7169811320754716
9013,tabular,capability,1,0.7766666666666666,0.6833333333333333,0.15942028985507245,0.3269230769230769,0.22641509433962265,0.18666666666666668,0.1694915254237288,0.2898550724637681,0.1875,0.3157894736842105
9013,tabular,capability,2,0.8666666666666667,0.7766666666666666,0.16666666666666666,0.16981132075471697,0.09259259259259259,0.19298245614035087,0.14035087719298245,0.1111111111111111,0.09259259259259259,0.08196721311475409
9013,tabular,capability,3,0.8933333333333333,0.7766666666666666,0.1320754716981132,0.046153846153846156,0.14,0.12,0.03636363636363636,0.136986301369863,0.14545454545454545,0.11475409836065574
9013,tabular,family,0,0.28,0.2866666666666667,0.6551724137931034,0.7796610169491526,0.7857142857142857,0.7272727272727273,0.7931034482758621,0.5555555555555556,0.7142857142857143,0.7358490566037735
9013,tabular,family,1,0.6833333333333333,0.5566666666666666,0.30434782608695654,0.34615384615384615,0.39622641509433965,0.29333333333333333,0.3220338983050847,0.30434782608695654,0.265625,0.3508771929824561
9013,tabular,family,2,0.8666666666666667,0.7733333333333333,0.16666666666666666,0.16981132075471697,0.09259259259259259,0.19298245614035087,0.14035087719298245,0.1111111111111111,0.09259259259259259,0.08196721311475409
9013,tabular,family,3,0.8933333333333333,0.7766666666666666,0.1320754716981132,0.046153846153846156,0.14,0.12,0.03636363636363636,0.136986301369863,0.14545454545454545,0.11475409836065574
9013,tabular,failure,0,0.29333333333333333,0.29,0.6379310344827587,0.7627118644067796,0.7571428571428571,0.696969696969697,0.7931034482758621,0.5925925925925926,0.6714285714285714,0.7358490566037735
9013,tabular,failure,1,0.6833333333333333,0.58,0.2318840579710145,0.2692307692307692,0.37735849056603776,0.29333333333333333,0.423728813559322,0.30434782608695654,0.25,0.3508771929824561
9013,tabular,failure,2,0.8533333333333334,0.7433333333333333,0.16666666666666666,0.16981132075471697,0.09259259259259259,0.19298245614035087,0.21052631578947367,0.1111111111111111,0.09259259259259259,0.08196721311475409
9013,tabular,failure,3,0.8933333333333333,0.7766666666666666,0.1320754716981132,0.046153846153846156,0.14,0.12,0.03636363636363636,0.136986301369863,0.14545454545454545,0.11475409836065574
9013,tabular,random_gran,0,0.29,0.2966666666666667,0.6551724137931034,0.7627118644067796,0.8,0.7121212121212122,0.7586206896551724,0.5555555555555556,0.7142857142857143,0.7169811320754716
9013,tabular,random_gran,1,0.7166666666666667,0.6166666666666667,0.2318840579710145,0.3269230769230769,0.33962264150943394,0.29333333333333333,0.2711864406779661,0.2608695652173913,0.25,0.3157894736842105
9013,tabular,random_gran,2,0.8633333333333333,0.7533333333333333,0.16666666666666666,0.16981132075471697,0.09259259259259259,0.21052631578947367,0.14035087719298245,0.1111111111111111,0.09259259259259259,0.08196721311475409
9013,tabular,random_gran,3,0.8933333333333333,0.7766666666666666,0.1320754716981132,0.046153846153846156,0.14,0.12,0.03636363636363636,0.136986301369863,0.14545454545454545,0.11475409836065574
9014,tabular,uniform,0,0.3,0.31666666666666665,0.6909090909090909,0.6721311475409836,0.6619718309859155,0.734375,0.78,0.6666666666666666,0.7916666666666666,0.6078431372549019
9014,tabular,uniform,1,0.7566666666666667,0.6966666666666667,0.16666666666666666,0.3103448275862069,0.1724137931034483,0.3269230769230769,0.32075471698113206,0.17307692307692307,0.22535211267605634,0.25
9014,tabular,uniform,2,0.8933333333333333,0.8133333333333334,0.08333333333333333,0.0625,0.05084745762711865,0.08771929824561403,0.07017543859649122,0.13114754098360656,0.18181818181818182,0.10344827586206896
9014,tabular,uniform,3,0.8933333333333333,0.8433333333333334,0.11666666666666667,0.1864406779661017,0.16363636363636364,0.07575757575757576,0.031746031746031744,0.05660377358490566,0.1746031746031746,0.1111111111111111
9014,tabular,difficulty,0,0.3,0.29,0.7090909090909091,0.6721311475409836,0.6619718309859155,0.6875,0.78,0.6805555555555556,0.7916666666666666,0.6470588235294118
9014,tabular,difficulty,1,0.8133333333333334,0.75,0.16666666666666666,0.27586206896551724,0.10344827586206896,0.17307692307692307,0.16981132075471697,0.17307692307692307,0.15492957746478872,0.28125
9014,tabular,difficulty,2,0.8933333333333333,0.8133333333333334,0.08333333333333333,0.0625,0.05084745762711865,0.08771929824561403,0.07017543859649122,0.13114754098360656,0.18181818181818182,0.10344827586206896
9014,tabular,difficulty,3,0.8933333333333333,0.8433333333333334,0.11666666666666667,0.1864406779661017,0.16363636363636364,0.07575757575757576,0.031746031746031744,0.05660377358490566,0.1746031746031746,0.1111111111111111
9014,tabular,capability,0,0.29,0.29,0.7090909090909091,0.6721311475409836,0.647887323943662,0.734375,0.8,0.6666666666666666,0.7916666666666666,0.6666666666666666
9014,tabular,capability,1,0.7633333333333333,0.7333333333333333,0.25757575757575757,0.25862068965517243,0.10344827586206896,0.28846153846153844,0.3018867924528302,0.17307692307692307,0.16901408450704225,0.265625
9014,tabular,capability,2,0.8933333333333333,0.8133333333333334,0.08333333333333333,0.0625,0.05084745762711865,0.08771929824561403,0.07017543859649122,0.13114754098360656,0.18181818181818182,0.10344827586206896
9014,tabular,capability,3,0.8933333333333333,0.8433333333333334,0.11666666666666667,0.1864406779661017,0.16363636363636364,0.07575757575757576,0.031746031746031744,0.05660377358490566,0.1746031746031746,0.1111111111111111
9014,tabular,family,0,0.30333333333333334,0.33,0.6545454545454545,0.6721311475409836,0.6901408450704225,0.734375,0.76,0.6111111111111112,0.75,0.6470588235294118
9014,tabular,family,1,0.7033333333333334,0.64,0.25757575757575757,0.3275862068965517,0.27586206896551724,0.4423076923076923,0.3584905660377358,0.17307692307692307,0.23943661971830985,0.28125
9014,tabular,family,2,0.87,0.7766666666666666,0.1,0.0625,0.05084745762711865,0.10526315789473684,0.07017543859649122,0.13114754098360656,0.23636363636363636,0.1896551724137931
9014,tabular,family,3,0.8933333333333333,0.8433333333333334,0.11666666666666667,0.1864406779661017,0.16363636363636364,0.07575757575757576,0.031746031746031744,0.05660377358490566,0.1746031746031746,0.1111111111111111
9014,tabular,failure,0,0.31,0.30666666666666664,0.6909090909090909,0.6885245901639344,0.6338028169014085,0.734375,0.78,0.6388888888888888,0.7916666666666666,0.5882352941176471
9014,tabular,failure,1,0.72,0.6333333333333333,0.3939393939393939,0.1896551724137931,0.2413793103448276,0.3269230769230769,0.24528301886792453,0.19230769230769232,0.352112676056338,0.21875
9014,tabular,failure,2,0.87,0.7766666666666666,0.08333333333333333,0.0625,0.05084745762711865,0.08771929824561403,0.07017543859649122,0.13114754098360656,0.3090909090909091,0.1206896551724138
9014,tabular,failure,3,0.8933333333333333,0.8433333333333334,0.11666666666666667,0.1864406779661017,0.16363636363636364,0.07575757575757576,0.031746031746031744,0.05660377358490566,0.1746031746031746,0.1111111111111111
9014,tabular,random_gran,0,0.29333333333333333,0.31666666666666665,0.6545454545454545,0.6721311475409836,0.704225352112676,0.734375,0.78,0.6666666666666666,0.75,0.6470588235294118
9014,tabular,random_gran,1,0.7633333333333333,0.68,0.19696969696969696,0.25862068965517243,0.1724137931034483,0.21153846153846154,0.32075471698113206,0.17307692307692307,0.23943661971830985,0.3125
9014,tabular,random_gran,2,0.8866666666666667,0.81,0.1,0.0625,0.05084745762711865,0.10526315789473684,0.07017543859649122,0.13114754098360656,0.18181818181818182,0.13793103448275862
9014,tabular,random_gran,3,0.8933333333333333,0.8433333333333334,0.11666666666666667,0.1864406779661017,0.16363636363636364,0.07575757575757576,0.031746031746031744,0.05660377358490566,0.1746031746031746,0.1111111111111111
9015,tabular,uniform,0,0.3,0.26,0.5769230769230769,0.7142857142857143,0.6610169491525424,0.6666666666666666,0.7619047619047619,0.7222222222222222,0.8070175438596491,0.6949152542372882
9015,tabular,uniform,1,0.7666666666666667,0.6566666666666666,0.1875,0.17543859649122806,0.3888888888888889,0.19672131147540983,0.22058823529411764,0.24444444444444444,0.265625,0.2571428571428571
9015,tabular,uniform,2,0.8633333333333333,0.8166666666666667,0.15151515151515152,0.10294117647058823,0.15517241379310345,0.09836065573770492,0.21428571428571427,0.1568627450980392,0.17857142857142858,0.07142857142857142
9015,tabular,uniform,3,0.8633333333333333,0.8033333333333333,0.3050847457627119,0.15151515151515152,0.07547169811320754,0.13725490196078433,0.09230769230769231,0.08928571428571429,0.16666666666666666,0.109375
9015,tabular,difficulty,0,0.2866666666666667,0.26666666666666666,0.5769230769230769,0.875,0.6779661016949152,0.6666666666666666,0.7936507936507936,0.7037037037037037,0.7719298245614035,0.6779661016949152
9015,tabular,difficulty,1,0.8133333333333334,0.7266666666666667,0.265625,0.12280701754385964,0.2037037037037037,0.21311475409836064,0.25,0.08888888888888889,0.140625,0.14285714285714285
9015,tabular,difficulty,2,0.87,0.8333333333333334,0.15151515151515152,0.10294117647058823,0.1206896551724138,0.09836065573770492,0.19642857142857142,0.1568627450980392,0.17857142857142858,0.07142857142857142
9015,tabular,difficulty,3,0.8633333333333333,0.8033333333333333,0.3050847457627119,0.15151515151515152,0.07547169811320754,0.13725490196078433,0.09230769230769231,0.08928571428571429,0.16666666666666666,0.109375
9015,tabular,capability,0,0.29,0.26666666666666666,0.5961538461538461,0.8214285714285714,0.6779661016949152,0.6666666666666666,0.7777777777777778,0.7037037037037037,0.7543859649122807,0.711864406779661
9015,tabular,capability,1,0.7766666666666666,0.6566666666666666,0.265625,0.19298245614035087,0.18518518518518517,0.18032786885245902,0.23529411764705882,0.2222222222222222,0.203125,0.2714285714285714
9015,tabular,capability,2,0.87,0.8333333333333334,0.15151515151515152,0.10294117647058823,0.1206896551724138,0.09836065573770492,0.19642857142857142,0.1568627450980392,0.17857142857142858,0.07142857142857142
9015,tabular,capability,3,0.8633333333333333,0.8033333333333333,0.3050847457627119,0.15151515151515152,0.07547169811320754,0.13725490196078433,0.09230769230769231,0.08928571428571429,0.16666666666666666,0.109375
9015,tabular,family,0,0.2966666666666667,0.2633333333333333,0.7115384615384616,0.7142857142857143,0.6610169491525424,0.6818181818181818,0.7301587301587301,0.7222222222222222,0.7543859649122807,0.6949152542372882
9015,tabular,family,1,0.7233333333333334,0.6266666666666667,0.3125,0.21052631578947367,0.3333333333333333,0.21311475409836064,0.3235294117647059,0.24444444444444444,0.265625,0.2857142857142857
9015,tabular,family,2,0.8566666666666667,0.8066666666666666,0.16666666666666666,0.10294117647058823,0.13793103448275862,0.09836065573770492,0.23214285714285715,0.1568627450980392,0.17857142857142858,0.10714285714285714
9015,tabular,family,3,0.8633333333333333,0.8033333333333333,0.3050847457627119,0.15151515151515152,0.07547169811320754,0.13725490196078433,0.09230769230769231,0.08928571428571429,0.16666666666666666,0.109375
9015,tabular,failure,0,0.29,0.23666666666666666,0.6346153846153846,0.7857142857142857,0.6779661016949152,0.6818181818181818,0.7777777777777778,0.7222222222222222,0.7719298245614035,0.6610169491525424
9015,tabular,failure,1,0.6666666666666666,0.5966666666666667,0.5,0.3157894736842105,0.4444444444444444,0.2786885245901639,0.23529411764705882,0.3333333333333333,0.28125,0.34285714285714286
9015,tabular,failure,2,0.8533333333333334,0.81,0.15151515151515152,0.1323529411764706,0.15517241379310345,0.11475409836065574,0.23214285714285715,0.1568627450980392,0.17857142857142858,0.07142857142857142
9015,tabular,failure,3,0.86,0.8,0.3050847457627119,0.15151515151515152,0.09433962264150944,0.13725490196078433,0.09230769230769231,0.08928571428571429,0.16666666666666666,0.109375
9015,tabular,random_gran,0,0.31,0.28,0.6153846153846154,0.7321428571428571,0.6610169491525424,0.6818181818181818,0.7301587301587301,0.7037037037037037,0.7543859649122807,0.6949152542372882
9015,tabular,random_gran,1,0.7233333333333334,0.62,0.1875,0.3157894736842105,0.25925925925925924,0.3442622950819672,0.2647058823529412,0.26666666666666666,0.234375,0.2857142857142857
9015,tabular,random_gran,2,0.8566666666666667,0.8066666666666666,0.15151515151515152,0.1323529411764706,0.1206896551724138,0.14754098360655737,0.19642857142857142,0.1568627450980392,0.19642857142857142,0.07142857142857142
9015,tabular,random_gran,3,0.8633333333333333,0.8033333333333333,0.3050847457627119,0.15151515151515152,0.07547169811320754,0.13725490196078433,0.09230769230769231,0.08928571428571429,0.16666666666666666,0.109375
9016,tabular,uniform,0,0.34,0.27,0.7796610169491526,0.6551724137931034,0.6428571428571429,0.5333333333333333,0.6101694915254238,0.6984126984126984,0.6666666666666666,0.6557377049180327
9016,tabular,uniform,1,0.6933333333333334,0.6566666666666666,0.4406779661016949,0.21818181818181817,0.2676056338028169,0.3018867924528302,0.22413793103448276,0.21153846153846154,0.36666666666666664,0.3333333333333333
9016,tabular,uniform,2,0.8433333333333334,0.8166666666666667,0.22950819672131148,0.18518518518518517,0.2631578947368421,0.16417910447761194,0.16393442622950818,0.11666666666666667,0.1111111111111111,0.11940298507462686
9016,tabular,uniform,3,0.8966666666666666,0.8333333333333334,0.02040816326530612,0.05660377358490566,0.20754716981132076,0.10909090909090909,0.0821917808219178,0.10344827586206896,0.18867924528301888,0.037037037037037035
9016,tabular,difficulty,0,0.3333333333333333,0.26666666666666666,0.8135593220338984,0.6551724137931034,0.6785714285714286,0.5555555555555556,0.6271186440677966,0.6666666666666666,0.6666666666666666,0.639344262295082
9016,tabular,difficulty,1,0.8066666666666666,0.7333333333333333,0.15254237288135594,0.23636363636363636,0.15492957746478872,0.32075471698113206,0.1724137931034483,0.19230769230769232,0.13333333333333333,0.16666666666666666
9016,tabular,difficulty,2,0.8566666666666667,0.8333333333333334,0.16393442622950818,0.18518518518518517,0.2631578947368421,0.14925373134328357,0.16393442622950818,0.11666666666666667,0.08888888888888889,0.11940298507462686
9016,tabular,difficulty,3,0.8966666666666666,0.8333333333333334,0.02040816326530612,0.05660377358490566,0.20754716981132076,0.10909090909090909,0.0821917808219178,0.10344827586206896,0.18867924528301888,0.037037037037037035
9016,tabular,capability,0,0.30333333333333334,0.24666666666666667,0.8135593220338984,0.6724137931034483,0.6071428571428571,0.6,0.6610169491525424,0.7777777777777778,0.7142857142857143,0.6721311475409836
9016,tabular,capability,1,0.7666666666666667,0.7133333333333334,0.2033898305084746,0.18181818181818182,0.15492957746478872,0.2830188679245283,0.25862068965517243,0.19230769230769232,0.31666666666666665,0.2222222222222222
9016,tabular,capability,2,0.8533333333333334,0.8333333333333334,0.18032786885245902,0.18518518518518517,0.2631578947368421,0.14925373134328357,0.16393442622950818,0.11666666666666667,0.08888888888888889,0.11940298507462686
9016,tabular,capability,3,0.8966666666666666,0.8333333333333334,0.02040816326530612,0.05660377358490566,0.20754716981132076,0.10909090909090909,0.0821917808219178,0.10344827586206896,0.18867924528301888,0.037037037037037035
9016,tabular,family,0,0.31666666666666665,0.24666666666666667,0.8305084745762712,0.6551724137931034,0.7142857142857143,0.5333333333333333,0.6610169491525424,0.7142857142857143,0.6666666666666666,0.6721311475409836
9016,tabular,family,1,0.6366666666666667,0.6133333333333333,0.3559322033898305,0.2727272727272727,0.5211267605633803,0.4716981132075472,0.29310344827586204,0.2692307692307692,0.3,0.42592592592592593
9016,tabular,family,2,0.8166666666666667,0.7966666666666666,0.26229508196721313,0.18518518518518517,0.40350877192982454,0.1791044776119403,0.18032786885245902,0.11666666666666667,0.15555555555555556,0.11940298507462686
9016,tabular,family,3,0.87,0.8033333333333333,0.02040816326530612,0.09433962264150944,0.3584905660377358,0.12727272727272726,0.0821917808219178,0.13793103448275862,0.20754716981132076,0.037037037037037035
9016,tabular,failure,0,0.31333333333333335,0.26666666666666666,0.7966101694915254,0.6724137931034483,0.6607142857142857,0.7333333333333333,0.6101694915254238,0.6984126984126984,0.6825396825396826,0.6229508196721312
9016,tabular,failure,1,0.5966666666666667,0.5966666666666667,0.4067796610169492,0.32727272727272727,0.36619718309859156,0.3018867924528302,0.4827586206896552,0.46153846153846156,0.43333333333333335,0.42592592592592593
9016,tabular,failure,2,0.8366666666666667,0.8066666666666666,0.16393442622950818,0.24074074074074073,0.2807017543859649,0.16417910447761194,0.18032786885245902,0.16666666666666666,0.08888888888888889,0.13432835820895522
9016,tabular,failure,3,0.8966666666666666,0.8333333333333334,0.02040816326530612,0.05660377358490566,0.20754716981132076,0.10909090909090909,0.0821917808219178,0.10344827586206896,0.18867924528301888,0.037037037037037035
9016,tabular,random_gran,0,0.3333333333333333,0.2733333333333333,0.7627118644067796,0.6551724137931034,0.6428571428571429,0.5333333333333333,0.6101694915254238,0.7619047619047619,0.6507936507936508,0.6229508196721312
9016,tabular,random_gran,1,0.74,0.6966666666666667,0.1694915254237288,0.21818181818181817,0.2535211267605634,0.2830188679245283,0.29310344827586204,0.19230769230769232,0.31666666666666665,0.3888888888888889
9016,tabular,random_gran,2,0.8566666666666667,0.8333333333333334,0.16393442622950818,0.18518518518518517,0.2631578947368421,0.14925373134328357,0.16393442622950818,0.11666666666666667,0.08888888888888889,0.11940298507462686
9016,tabular,random_gran,3,0.8966666666666666,0.8333333333333334,0.02040816326530612,0.05660377358490566,0.20754716981132076,0.10909090909090909,0.0821917808219178,0.10344827586206896,0.18867924528301888,0.037037037037037035
9017,tabular,uniform,0,0.27,0.26666666666666666,0.676923076923077,0.6911764705882353,0.7321428571428571,0.7966101694915254,0.7377049180327869,0.7659574468085106,0.7547169811320755,0.8518518518518519
9017,tabular,uniform,1,0.7,0.62,0.3220338983050847,0.29411764705882354,0.2857142857142857,0.20689655172413793,0.29411764705882354,0.29577464788732394,0.3333333333333333,0.3220338983050847
9017,tabular,uniform,2,0.8633333333333333,0.7833333333333333,0.1694915254237288,0.10606060606060606,0.1,0.1111111111111111,0.20689655172413793,0.14814814814814814,0.10714285714285714,0.10810810810810811
9017,tabular,uniform,3,0.85,0.82,0.13333333333333333,0.16666666666666666,0.09090909090909091,0.15254237288135594,0.25,0.16981132075471697,0.09615384615384616,0.14516129032258066
9017,tabular,difficulty,0,0.2866666666666667,0.2733333333333333,0.7076923076923077,0.7058823529411765,0.6964285714285714,0.7627118644067796,0.7377049180327869,0.7446808510638298,0.7547169811320755,0.7592592592592593
9017,tabular,difficulty,1,0.8266666666666667,0.81,0.22033898305084745,0.17647058823529413,0.14285714285714285,0.10344827586206896,0.19607843137254902,0.16901408450704225,0.19607843137254902,0.1694915254237288
9017,tabular,difficulty,2,0.87,0.79,0.15254237288135594,0.10606060606060606,0.1,0.09259259259259259,0.20689655172413793,0.14814814814814814,0.08928571428571429,0.10810810810810811
9017,tabular,difficulty,3,0.85,0.82,0.13333333333333333,0.16666666666666666,0.09090909090909091,0.15254237288135594,0.25,0.16981132075471697,0.09615384615384616,0.14516129032258066
9017,tabular,capability,0,0.2633333333333333,0.27,0.7076923076923077,0.7058823529411765,0.7321428571428571,0.7796610169491526,0.8032786885245902,0.7872340425531915,0.7547169811320755,0.7592592592592593
9017,tabular,capability,1,0.77,0.7133333333333334,0.22033898305084745,0.23529411764705882,0.22857142857142856,0.1896551724137931,0.29411764705882354,0.2112676056338028,0.21568627450980393,0.2033898305084746
9017,tabular,capability,2,0.87,0.79,0.15254237288135594,0.10606060606060606,0.1,0.09259259259259259,0.20689655172413793,0.14814814814814814,0.08928571428571429,0.10810810810810811
9017,tabular,capability,3,0.85,0.82,0.13333333333333333,0.16666666666666666,0.09090909090909091,0.15254237288135594,0.25,0.16981132075471697,0.09615384615384616,0.14516129032258066
9017,tabular,family,0,0.2633333333333333,0.22666666666666666,0.7076923076923077,0.6764705882352942,0.7321428571428571,0.7627118644067796,0.819672131147541,0.7659574468085106,0.7547169811320755,0.7962962962962963
9017,tabular,family,1,0.7166666666666667,0.6366666666666667,0.2542372881355932,0.25,0.2857142857142857,0.1896551724137931,0.35294117647058826,0.30985915492957744,0.2549019607843137,0.288135593220339
9017,tabular,family,2,0.86,0.7833333333333333,0.15254237288135594,0.12121212121212122,0.1,0.1111111111111111,0.25862068965517243,0.14814814814814814,0.10714285714285714,0.12162162162162163
9017,tabular,family,3,0.85,0.82,0.13333333333333333,0.16666666666666666,0.09090909090909091,0.15254237288135594,0.25,0.16981132075471697,0.09615384615384616,0.14516129032258066
9017,tabular,failure,0,0.24333333333333335,0.24,0.7076923076923077,0.7058823529411765,0.7321428571428571,0.7966101694915254,0.8524590163934426,0.7659574468085106,0.7547169811320755,0.8333333333333334
9017,tabular,failure,1,0.7,0.6233333333333333,0.3220338983050847,0.23529411764705882,0.3142857142857143,0.15517241379310345,0.37254901960784315,0.39436619718309857,0.23529411764705882,0.2711864406779661
9017,tabular,failure,2,0.86,0.7666666666666667,0.15254237288135594,0.12121212121212122,0.11428571428571428,0.12962962962962962,0.2413793103448276,0.18518518518518517,0.10714285714285714,0.10810810810810811
9017,tabular,failure,3,0.85,0.82,0.13333333333333333,0.16666666666666666,0.09090909090909091,0.15254237288135594,0.25,0.16981132075471697,0.09615384615384616,0.14516129032258066
9017,tabular,random_gran,0,0.25666666666666665,0.25,0.7076923076923077,0.75,0.7321428571428571,0.7966101694915254,0.7540983606557377,0.7659574468085106,0.7547169811320755,0.8148148148148148
9017,tabular,random_gran,1,0.71,0.6466666666666666,0.2711864406779661,0.27941176470588236,0.2714285714285714,0.2413793103448276,0.3333333333333333,0.323943661971831,0.2549019607843137,0.3050847457627119
9017,tabular,random_gran,2,0.8633333333333333,0.7833333333333333,0.15254237288135594,0.13636363636363635,0.1,0.1111111111111111,0.22413793103448276,0.14814814814814814,0.08928571428571429,0.10810810810810811
9017,tabular,random_gran,3,0.85,0.82,0.13333333333333333,0.16666666666666666,0.09090909090909091,0.15254237288135594,0.25,0.16981132075471697,0.09615384615384616,0.14516129032258066
9018,tabular,uniform,0,0.3333333333333333,0.25333333333333335,0.7164179104477612,0.7368421052631579,0.6666666666666666,0.6785714285714286,0.5862068965517241,0.5789473684210527,0.7162162162162162,0.68
9018,tabular,uniform,1,0.67,0.6866666666666666,0.31746031746031744,0.22388059701492538,0.2727272727272727,0.3392857142857143,0.43636363636363634,0.3783783783783784,0.37209302325581395,0.3620689655172414
9018,tabular,uniform,2,0.8333333333333334,0.8233333333333334,0.21428571428571427,0.13725490196078433,0.20967741935483872,0.1774193548387097,0.21153846153846154,0.047619047619047616,0.12280701754385964,0.18032786885245902
9018,tabular,uniform,3,0.8733333333333333,0.8066666666666666,0.14285714285714285,0.11475409836065574,0.15,0.11764705882352941,0.18032786885245902,0.11666666666666667,0.11864406779661017,0.05263157894736842
9018,tabular,difficulty,0,0.33666666666666667,0.25666666666666665,0.7164179104477612,0.7543859649122807,0.6666666666666666,0.6428571428571429,0.5862068965517241,0.5789473684210527,0.7027027027027027,0.68
9018,tabular,difficulty,1,0.7766666666666666,0.7833333333333333,0.2222222222222222,0.16417910447761194,0.23636363636363636,0.2857142857142857,0.23636363636363636,0.20270270270270271,0.23255813953488372,0.2413793103448276
9018,tabular,difficulty,2,0.8466666666666667,0.8466666666666667,0.19642857142857142,0.11764705882352941,0.20967741935483872,0.16129032258064516,0.15384615384615385,0.047619047619047616,0.12280701754385964,0.16393442622950818
9018,tabular,difficulty,3,0.8733333333333333,0.8066666666666666,0.14285714285714285,0.11475409836065574,0.15,0.11764705882352941,0.18032786885245902,0.11666666666666667,0.11864406779661017,0.05263157894736842
9018,tabular,capability,0,0.32,0.23666666666666666,0.7611940298507462,0.7368421052631579,0.7142857142857143,0.5892857142857143,0.6724137931034483,0.5964912280701754,0.7027027027027027,0.68
9018,tabular,capability,1,0.7466666666666667,0.7633333333333333,0.2857142857142857,0.208955223880597,0.18181818181818182,0.26785714285714285,0.34545454545454546,0.2972972972972973,0.18604651162790697,0.27586206896551724
9018,tabular,capability,2,0.8466666666666667,0.8466666666666667,0.19642857142857142,0.11764705882352941,0.20967741935483872,0.16129032258064516,0.15384615384615385,0.047619047619047616,0.12280701754385964,0.16393442622950818
9018,tabular,capability,3,0.8733333333333333,0.8066666666666666,0.14285714285714285,0.11475409836065574,0.15,0.11764705882352941,0.18032786885245902,0.11666666666666667,0.11864406779661017,0.05263157894736842
9018,tabular,family,0,0.32666666666666666,0.26,0.746268656716418,0.7368421052631579,0.6666666666666666,0.6428571428571429,0.6551724137931034,0.5964912280701754,0.6621621621621622,0.7
9018,tabular,family,1,0.6566666666666666,0.65,0.3492063492063492,0.31343283582089554,0.2727272727272727,0.3392857142857143,0.34545454545454546,0.3918918918918919,0.32558139534883723,0.39655172413793105
9018,tabular,family,2,0.8266666666666667,0.8233333333333334,0.19642857142857142,0.1568627450980392,0.22580645161290322,0.16129032258064516,0.17307692307692307,0.07936507936507936,0.14035087719298245,0.16393442622950818
9018,tabular,family,3,0.8733333333333333,0.8066666666666666,0.14285714285714285,0.11475409836065574,0.15,0.11764705882352941,0.18032786885245902,0.11666666666666667,0.11864406779661017,0.05263157894736842
9018,tabular,failure,0,0.3466666666666667,0.2633333333333333,0.746268656716418,0.7192982456140351,0.6666666666666666,0.5892857142857143,0.5862068965517241,0.5789473684210527,0.6891891891891891,0.66
9018,tabular,failure,1,0.6533333333333333,0.66,0.3333333333333333,0.43283582089552236,0.23636363636363636,0.42857142857142855,0.45454545454545453,0.2702702702702703,0.3953488372093023,0.27586206896551724
9018,tabular,failure,2,0.8266666666666667,0.8233333333333334,0.19642857142857142,0.17647058823529413,0.20967741935483872,0.20967741935483872,0.17307692307692307,0.047619047619047616,0.12280701754385964,0.18032786885245902
9018,tabular,failure,3,0.8733333333333333,0.8066666666666666,0.14285714285714285,0.11475409836065574,0.15,0.11764705882352941,0.18032786885245902,0.11666666666666667,0.11864406779661017,0.05263157894736842
9018,tabular,random_gran,0,0.31666666666666665,0.23666666666666666,0.7014925373134329,0.7543859649122807,0.6825396825396826,0.6428571428571429,0.6379310344827587,0.5614035087719298,0.7297297297297297,0.76
9018,tabular,random_gran,1,0.6966666666666667,0.6966666666666667,0.30158730158730157,0.29850746268656714,0.23636363636363636,0.32142857142857145,0.2909090909090909,0.3108108108108108,0.37209302325581395,0.3103448275862069
9018,tabular,random_gran,2,0.8433333333333334,0.8466666666666667,0.19642857142857142,0.11764705882352941,0.20967741935483872,0.16129032258064516,0.15384615384615385,0.06349206349206349,0.14035087719298245,0.16393442622950818
9018,tabular,random_gran,3,0.8733333333333333,0.8066666666666666,0.14285714285714285,0.11475409836065574,0.15,0.11764705882352941,0.18032786885245902,0.11666666666666667,0.11864406779661017,0.05263157894736842
9019,tabular,uniform,0,0.3433333333333333,0.2833333333333333,0.6071428571428571,0.6515151515151515,0.8,0.6153846153846154,0.5862068965517241,0.6833333333333333,0.6712328767123288,0.7192982456140351
9019,tabular,uniform,1,0.72,0.7033333333333334,0.2711864406779661,0.15517241379310345,0.46153846153846156,0.2153846153846154,0.23333333333333334,0.36666666666666664,0.36666666666666664,0.296875
9019,tabular,uniform,2,0.85,0.7566666666666667,0.11475409836065574,0.14814814814814814,0.2,0.136986301369863,0.15873015873015872,0.21818181818181817,0.13559322033898305,0.11864406779661017
9019,tabular,uniform,3,0.8733333333333333,0.8133333333333334,0.10526315789473684,0.14545454545454545,0.09836065573770492,0.09433962264150944,0.16883116883116883,0.125,0.09803921568627451,0.14545454545454545
9019,tabular,difficulty,0,0.3233333333333333,0.25666666666666665,0.625,0.7121212121212122,0.7636363636363637,0.6538461538461539,0.5862068965517241,0.7333333333333333,0.684931506849315,0.7368421052631579
9019,tabular,difficulty,1,0.7466666666666667,0.74,0.2542372881355932,0.22413793103448276,0.3269230769230769,0.13846153846153847,0.2,0.36666666666666664,0.26666666666666666,0.296875
9019,tabular,difficulty,2,0.87,0.7966666666666666,0.09836065573770492,0.14814814814814814,0.08,0.1232876712328767,0.15873015873015872,0.2,0.13559322033898305,0.1016949152542373
9019,tabular,difficulty,3,0.8733333333333333,0.8133333333333334,0.10526315789473684,0.14545454545454545,0.09836065573770492,0.09433962264150944,0.16883116883116883,0.125,0.09803921568627451,0.14545454545454545
9019,tabular,capability,0,0.32666666666666666,0.2833333333333333,0.625,0.6515151515151515,0.7818181818181819,0.6730769230769231,0.5689655172413793,0.75,0.726027397260274,0.7017543859649122
9019,tabular,capability,1,0.7133333333333334,0.6966666666666667,0.3220338983050847,0.22413793103448276,0.4230769230769231,0.16923076923076924,0.2,0.4666666666666667,0.3,0.3125
9019,tabular,capability,2,0.87,0.7933333333333333,0.09836065573770492,0.14814814814814814,0.08,0.1232876712328767,0.15873015873015872,0.2,0.13559322033898305,0.1016949152542373
9019,tabular,capability,3,0.8733333333333333,0.8133333333333334,0.10526315789473684,0.14545454545454545,0.09836065573770492,0.09433962264150944,0.16883116883116883,0.125,0.09803921568627451,0.14545454545454545
9019,tabular,family,0,0.33,0.29,0.625,0.696969696969697,0.7818181818181819,0.7115384615384616,0.5517241379310345,0.7166666666666667,0.6164383561643836,0.7543859649122807
9019,tabular,family,1,0.66,0.6333333333333333,0.3898305084745763,0.3103448275862069,0.4230769230769231,0.26153846153846155,0.23333333333333334,0.5666666666666667,0.31666666666666665,0.359375
9019,tabular,family,2,0.86,0.7833333333333333,0.09836065573770492,0.14814814814814814,0.1,0.1232876712328767,0.15873015873015872,0.21818181818181817,0.13559322033898305,0.13559322033898305
9019,tabular,family,3,0.8733333333333333,0.8133333333333334,0.10526315789473684,0.14545454545454545,0.09836065573770492,0.09433962264150944,0.16883116883116883,0.125,0.09803921568627451,0.14545454545454545
9019,tabular,failure,0,0.36,0.2966666666666667,0.6071428571428571,0.7121212121212122,0.7636363636363637,0.5769230769230769,0.5689655172413793,0.65,0.6301369863013698,0.7017543859649122
9019,tabular,failure,1,0.6366666666666667,0.6266666666666667,0.3220338983050847,0.3448275862068966,0.46153846153846156,0.26153846153846155,0.35,0.55,0.3333333333333333,0.421875
9019,tabular,failure,2,0.8666666666666667,0.79,0.11475409836065574,0.14814814814814814,0.08,0.1232876712328767,0.1746031746031746,0.2,0.13559322033898305,0.1016949152542373
9019,tabular,failure,3,0.8733333333333333,0.8133333333333334,0.10526315789473684,0.14545454545454545,0.09836065573770492,0.09433962264150944,0.16883116883116883,0.125,0.09803921568627451,0.14545454545454545
9019,tabular,random_gran,0,0.33,0.2866666666666667,0.625,0.696969696969697,0.7818181818181819,0.6923076923076923,0.5689655172413793,0.7166666666666667,0.6575342465753424,0.7017543859649122
9019,tabular,random_gran,1,0.6633333333333333,0.6566666666666666,0.288135593220339,0.41379310344827586,0.40384615384615385,0.2,0.31666666666666665,0.5166666666666667,0.25,0.34375
9019,tabular,random_gran,2,0.8666666666666667,0.79,0.11475409836065574,0.14814814814814814,0.08,0.1232876712328767,0.1746031746031746,0.2,0.13559322033898305,0.1016949152542373
9019,tabular,random_gran,3,0.8733333333333333,0.8133333333333334,0.10526315789473684,0.14545454545454545,0.09836065573770492,0.09433962264150944,0.16883116883116883,0.125,0.09803921568627451,0.14545454545454545
9020,tabular,uniform,0,0.25333333333333335,0.28,0.7391304347826086,0.782608695652174,0.7076923076923077,0.7636363636363637,0.65625,0.6440677966101694,0.7580645161290323,0.7903225806451613
9020,tabular,uniform,1,0.7733333333333333,0.6033333333333334,0.1896551724137931,0.1509433962264151,0.18461538461538463,0.21428571428571427,0.34615384615384615,0.25862068965517243,0.2542372881355932,0.30612244897959184
9020,tabular,uniform,2,0.8733333333333333,0.8133333333333334,0.09859154929577464,0.140625,0.16666666666666666,0.13725490196078433,0.1875,0.1568627450980392,0.10606060606060606,0.11864406779661017
9020,tabular,uniform,3,0.86,0.8433333333333334,0.12962962962962962,0.15151515151515152,0.1896551724137931,0.17647058823529413,0.12698412698412698,0.12698412698412698,0.16,0.10344827586206896
9020,tabular,difficulty,0,0.2633333333333333,0.2866666666666667,0.717391304347826,0.7536231884057971,0.6923076923076923,0.7636363636363637,0.65625,0.6440677966101694,0.7580645161290323,0.7741935483870968
9020,tabular,difficulty,1,0.8366666666666667,0.69,0.10344827586206896,0.1509433962264151,0.15384615384615385,0.18571428571428572,0.17307692307692307,0.2413793103448276,0.1864406779661017,0.14285714285714285
9020,tabular,difficulty,2,0.8733333333333333,0.8133333333333334,0.09859154929577464,0.140625,0.16666666666666666,0.13725490196078433,0.1875,0.1568627450980392,0.10606060606060606,0.11864406779661017
9020,tabular,difficulty,3,0.86,0.8433333333333334,0.12962962962962962,0.15151515151515152,0.1896551724137931,0.17647058823529413,0.12698412698412698,0.12698412698412698,0.16,0.10344827586206896
9020,tabular,capability,0,0.2866666666666667,0.29,0.6521739130434783,0.6811594202898551,0.7230769230769231,0.7636363636363637,0.609375,0.6779661016949152,0.7096774193548387,0.7903225806451613
9020,tabular,capability,1,0.78,0.6366666666666667,0.1896551724137931,0.11320754716981132,0.18461538461538463,0.24285714285714285,0.3076923076923077,0.25862068965517243,0.2542372881355932,0.2653061224489796
9020,tabular,capability,2,0.8733333333333333,0.81,0.09859154929577464,0.140625,0.16666666666666666,0.13725490196078433,0.1875,0.1568627450980392,0.10606060606060606,0.11864406779661017
9020,tabular,capability,3,0.86,0.8433333333333334,0.12962962962962962,0.15151515151515152,0.1896551724137931,0.17647058823529413,0.12698412698412698,0.12698412698412698,0.16,0.10344827586206896
9020,tabular,family,0,0.25666666666666665,0.27,0.7391304347826086,0.7536231884057971,0.6923076923076923,0.7818181818181819,0.671875,0.6610169491525424,0.7741935483870968,0.7741935483870968
9020,tabular,family,1,0.65,0.54,0.4827586206896552,0.32075471698113206,0.4153846153846154,0.35714285714285715,0.2692307692307692,0.2413793103448276,0.3898305084745763,0.40816326530612246
9020,tabular,family,2,0.8666666666666667,0.7966666666666666,0.1267605633802817,0.140625,0.16666666666666666,0.13725490196078433,0.1875,0.1568627450980392,0.12121212121212122,0.11864406779661017
9020,tabular,family,3,0.86,0.8433333333333334,0.12962962962962962,0.15151515151515152,0.1896551724137931,0.17647058823529413,0.12698412698412698,0.12698412698412698,0.16,0.10344827586206896
9020,tabular,failure,0,0.2966666666666667,0.28,0.6521739130434783,0.7246376811594203,0.676923076923077,0.7818181818181819,0.609375,0.6949152542372882,0.6451612903225806,0.7580645161290323
9020,tabular,failure,1,0.7166666666666667,0.5566666666666666,0.22413793103448276,0.2830188679245283,0.23076923076923078,0.2714285714285714,0.4230769230769231,0.3275862068965517,0.23728813559322035,0.3673469387755102
9020,tabular,failure,2,0.8633333333333333,0.79,0.09859154929577464,0.140625,0.16666666666666666,0.13725490196078433,0.1875,0.21568627450980393,0.10606060606060606,0.11864406779661017
9020,tabular,failure,3,0.86,0.8433333333333334,0.12962962962962962,0.15151515151515152,0.1896551724137931,0.17647058823529413,0.12698412698412698,0.12698412698412698,0.16,0.10344827586206896
9020,tabular,random_gran,0,0.2833333333333333,0.2966666666666667,0.717391304347826,0.6956521739130435,0.6615384615384615,0.7818181818181819,0.609375,0.6610169491525424,0.7258064516129032,0.7580645161290323
9020,tabular,random_gran,1,0.7266666666666667,0.5966666666666667,0.20689655172413793,0.16981132075471697,0.4153846153846154,0.24285714285714285,0.3269230769230769,0.27586206896551724,0.2711864406779661,0.30612244897959184
9020,tabular,random_gran,2,0.8733333333333333,0.8133333333333334,0.09859154929577464,0.140625,0.16666666666666666,0.13725490196078433,0.1875,0.1568627450980392,0.10606060606060606,0.11864406779661017
9020,tabular,random_gran,3,0.86,0.8433333333333334,0.12962962962962962,0.15151515151515152,0.1896551724137931,0.17647058823529413,0.12698412698412698,0.12698412698412698,0.16,0.10344827586206896
9001,linear,uniform,0,0.32666666666666666,0.24,0.6949152542372882,0.5769230769230769,0.7083333333333334,0.625,0.7586206896551724,0.603448275862069,0.671875,0.7121212121212122
9001,linear,uniform,1,0.7766666666666666,0.7033333333333334,0.18333333333333332,0.12307692307692308,0.15873015873015872,0.21311475409836064,0.20270270270270271,0.16363636363636364,0.28,0.37209302325581395
9001,linear,uniform,2,0.8633333333333333,0.8433333333333334,0.14754098360655737,0.06779661016949153,0.11320754716981132,0.08064516129032258,0.2,0.11538461538461539,0.13559322033898305,0.12962962962962962
9001,linear,uniform,3,0.8533333333333334,0.85,0.20634920634920634,0.06666666666666667,0.20634920634920634,0.21568627450980393,0.07407407407407407,0.13725490196078433,0.11475409836065574,0.12698412698412698
9001,linear,difficulty,0,0.3333333333333333,0.25,0.711864406779661,0.5769230769230769,0.7291666666666666,0.609375,0.7413793103448276,0.6206896551724138,0.671875,0.6666666666666666
9001,linear,difficulty,1,0.8833333333333333,0.7966666666666666,0.1,0.09230769230769231,0.15873015873015872,0.13114754098360656,0.08108108108108109,0.10909090909090909,0.02,0.16279069767441862
9001,linear,difficulty,2,0.8633333333333333,0.8433333333333334,0.14754098360655737,0.06779661016949153,0.11320754716981132,0.08064516129032258,0.2,0.11538461538461539,0.13559322033898305,0.12962962962962962
9001,linear,difficulty,3,0.8533333333333334,0.85,0.20634920634920634,0.06666666666666667,0.20634920634920634,0.21568627450980393,0.07407407407407407,0.13725490196078433,0.11475409836065574,0.12698412698412698
9001,linear,capability,0,0.32666666666666666,0.24666666666666667,0.6949152542372882,0.5961538461538461,0.7083333333333334,0.609375,0.7241379310344828,0.6896551724137931,0.671875,0.6818181818181818
9001,linear,capability,1,0.8166666666666667,0.7366666666666667,0.25,0.15384615384615385,0.19047619047619047,0.16393442622950818,0.14864864864864866,0.12727272727272726,0.16,0.18604651162790697
9001,linear,capability,2,0.8633333333333333,0.8433333333333334,0.14754098360655737,0.06779661016949153,0.11320754716981132,0.08064516129032258,0.2,0.11538461538461539,0.13559322033898305,0.12962962962962962
9001,linear,capability,3,0.8533333333333334,0.85,0.20634920634920634,0.06666666666666667,0.20634920634920634,0.21568627450980393,0.07407407407407407,0.13725490196078433,0.11475409836065574,0.12698412698412698
9001,linear,family,0,0.35,0.25,0.6949152542372882,0.5769230769230769,0.6875,0.578125,0.7413793103448276,0.5862068965517241,0.671875,0.6515151515151515
9001,linear,family,1,0.75,0.68,0.31666666666666665,0.15384615384615385,0.2857142857142857,0.21311475409836064,0.13513513513513514,0.18181818181818182,0.34,0.3953488372093023
9001,linear,family,2,0.84,0.82,0.14754098360655737,0.0847457627118644,0.11320754716981132,0.11290322580645161,0.21666666666666667,0.1346153846153846,0.2542372881355932,0.12962962962962962
9001,linear,family,3,0.8533333333333334,0.8466666666666667,0.20634920634920634,0.06666666666666667,0.20634920634920634,0.21568627450980393,0.07407407407407407,0.13725490196078433,0.11475409836065574,0.12698412698412698
9001,linear,failure,0,0.33666666666666667,0.2633333333333333,0.6440677966101694,0.6346153846153846,0.7083333333333334,0.640625,0.7068965517241379,0.6379310344827587,0.671875,0.6515151515151515
9001,linear,failure,1,0.7266666666666667,0.6633333333333333,0.35,0.18461538461538463,0.3492063492063492,0.08196721311475409,0.3108108108108108,0.23636363636363636,0.4,0.18604651162790697
9001,linear,failure,2,0.86,0.84,0.14754098360655737,0.0847457627118644,0.11320754716981132,0.08064516129032258,0.21666666666666667,0.11538461538461539,0.15254237288135594,0.12962962962962962
9001,linear,failure,3,0.8533333333333334,0.85,0.20634920634920634,0.06666666666666667,0.20634920634920634,0.21568627450980393,0.07407407407407407,0.13725490196078433,0.11475409836065574,0.12698412698412698
9001,linear,random_gran,0,0.32,0.24333333333333335,0.6779661016949152,0.7115384615384616,0.7083333333333334,0.65625,0.7413793103448276,0.6206896551724138,0.671875,0.6666666666666666
9001,linear,random_gran,1,0.75,0.6333333333333333,0.23333333333333334,0.23076923076923078,0.25396825396825395,0.2459016393442623,0.1891891891891892,0.2545454545454545,0.2,0.3488372093023256
9001,linear,random_gran,2,0.8566666666666667,0.8366666666666667,0.16393442622950818,0.0847457627118644,0.11320754716981132,0.08064516129032258,0.21666666666666667,0.1346153846153846,0.15254237288135594,0.12962962962962962
9001,linear,random_gran,3,0.8533333333333334,0.85,0.20634920634920634,0.06666666666666667,0.20634920634920634,0.21568627450980393,0.07407407407407407,0.13725490196078433,0.11475409836065574,0.12698412698412698
9002,linear,uniform,0,0.34,0.31,0.6226415094339622,0.7169811320754716,0.62,0.7272727272727273,0.6792452830188679,0.6190476190476191,0.6101694915254238,0.6891891891891891
9002,linear,uniform,1,0.8,0.7466666666666667,0.23076923076923078,0.3181818181818182,0.0851063829787234,0.16666666666666666,0.08620689655172414,0.20967741935483872,0.19696969696969696,0.21212121212121213
9002,linear,uniform,2,0.8533333333333334,0.8433333333333334,0.10909090909090909,0.11320754716981132,0.19696969696969696,0.16363636363636364,0.19047619047619047,0.0945945945945946,0.1267605633802817,0.17307692307692307
9002,linear,uniform,3,0.8666666666666667,0.8433333333333334,0.1111111111111111,0.07462686567164178,0.16666666666666666,0.13846153846153847,0.07692307692307693,0.11666666666666667,0.16666666666666666,0.0851063829787234
9002,linear,difficulty,0,0.3233333333333333,0.2966666666666667,0.6415094339622641,0.7547169811320755,0.62,0.7090909090909091,0.7169811320754716,0.6507936507936508,0.6779661016949152,0.6621621621621622
9002,linear,difficulty,1,0.8766666666666667,0.8066666666666666,0.1076923076923077,0.20454545454545456,0.0425531914893617,0.09090909090909091,0.13793103448275862,0.14516129032258066,0.10606060606060606,0.09090909090909091
9002,linear,difficulty,2,0.8566666666666667,0.8466666666666667,0.10909090909090909,0.11320754716981132,0.18181818181818182,0.16363636363636364,0.19047619047619047,0.0945945945945946,0.11267605633802817,0.17307692307692307
9002,linear,difficulty,3,0.87,0.8433333333333334,0.09523809523809523,0.07462686567164178,0.14814814814814814,0.13846153846153847,0.07692307692307693,0.11666666666666667,0.16666666666666666,0.0851063829787234
9002,linear,capability,0,0.35,0.30333333333333334,0.6415094339622641,0.6792452830188679,0.6,0.6727272727272727,0.6792452830188679,0.5873015873015873,0.6271186440677966,0.6891891891891891
9002,linear,capability,1,0.8233333333333334,0.7233333333333334,0.24615384615384617,0.2727272727272727,0.1702127659574468,0.21212121212121213,0.06896551724137931,0.14516129032258066,0.09090909090909091,0.15151515151515152
9002,linear,capability,2,0.8566666666666667,0.8466666666666667,0.10909090909090909,0.11320754716981132,0.18181818181818182,0.16363636363636364,0.19047619047619047,0.0945945945945946,0.11267605633802817,0.17307692307692307
9002,linear,capability,3,0.87,0.8433333333333334,0.09523809523809523,0.07462686567164178,0.14814814814814814,0.13846153846153847,0.07692307692307693,0.11666666666666667,0.16666666666666666,0.0851063829787234
9002,linear,family,0,0.34,0.31,0.6415094339622641,0.6792452830188679,0.62,0.7090909090909091,0.6792452830188679,0.6507936507936508,0.6440677966101694,0.6621621621621622
9002,linear,family,1,0.75,0.7033333333333334,0.26153846153846155,0.3181818181818182,0.14893617021276595,0.25757575757575757,0.10344827586206896,0.1935483870967742,0.2878787878787879,0.2878787878787879
9002,linear,family,2,0.84,0.8366666666666667,0.10909090909090909,0.11320754716981132,0.22727272727272727,0.2,0.19047619047619047,0.10810810810810811,0.1267605633802817,0.17307692307692307
9002,linear,family,3,0.8633333333333333,0.8433333333333334,0.1111111111111111,0.07462686567164178,0.16666666666666666,0.15384615384615385,0.09615384615384616,0.11666666666666667,0.16666666666666666,0.0851063829787234
9002,linear,failure,0,0.3333333333333333,0.2833333333333333,0.6415094339622641,0.6981132075471698,0.62,0.8181818181818182,0.6792452830188679,0.6031746031746031,0.6440677966101694,0.6486486486486487
9002,linear,failure,1,0.74,0.6933333333333334,0.2,0.25,0.06382978723404255,0.3484848484848485,0.1206896551724138,0.27419354838709675,0.21212121212121213,0.4090909090909091
9002,linear,failure,2,0.85,0.8366666666666667,0.10909090909090909,0.11320754716981132,0.18181818181818182,0.2,0.19047619047619047,0.0945945945945946,0.11267605633802817,0.17307692307692307
9002,linear,failure,3,0.8633333333333333,0.8433333333333334,0.1111111111111111,0.07462686567164178,0.16666666666666666,0.15384615384615385,0.09615384615384616,0.11666666666666667,0.16666666666666666,0.0851063829787234
9002,linear,random_gran,0,0.33666666666666667,0.29,0.6415094339622641,0.6792452830188679,0.64,0.7090909090909091,0.6792452830188679,0.6349206349206349,0.6440677966101694,0.6756756756756757
9002,linear,random_gran,1,0.7733333333333333,0.7266666666666667,0.2,0.25,0.0851063829787234,0.24242424242424243,0.1896551724137931,0.27419354838709675,0.19696969696969696,0.19696969696969696
9002,linear,random_gran,2,0.8566666666666667,0.8466666666666667,0.10909090909090909,0.11320754716981132,0.18181818181818182,0.16363636363636364,0.19047619047619047,0.0945945945945946,0.11267605633802817,0.17307692307692307
9002,linear,random_gran,3,0.87,0.8433333333333334,0.09523809523809523,0.07462686567164178,0.14814814814814814,0.13846153846153847,0.07692307692307693,0.11666666666666667,0.16666666666666666,0.0851063829787234
9003,linear,uniform,0,0.2733333333333333,0.25333333333333335,0.6595744680851063,0.6296296296296297,0.7,0.7619047619047619,0.734375,0.5849056603773585,0.8070175438596491,0.7894736842105263
9003,linear,uniform,1,0.7833333333333333,0.7733333333333333,0.19298245614035087,0.22727272727272727,0.22727272727272727,0.2631578947368421,0.11320754716981132,0.19298245614035087,0.2535211267605634,0.19047619047619047
9003,linear,uniform,2,0.8466666666666667,0.8466666666666667,0.17307692307692307,0.1694915254237288,0.171875,0.16666666666666666,0.17307692307692307,0.1346153846153846,0.2,0.10344827586206896
9003,linear,uniform,3,0.8566666666666667,0.8666666666666667,0.16666666666666666,0.125,0.07017543859649122,0.11764705882352941,0.14,0.08771929824561403,0.1724137931034483,0.15942028985507245
9003,linear,difficulty,0,0.29333333333333333,0.2633333333333333,0.6382978723404256,0.5555555555555556,0.75,0.6984126984126984,0.6875,0.5471698113207547,0.7719298245614035,0.7368421052631579
9003,linear,difficulty,1,0.9,0.8633333333333333,0.08771929824561403,0.09090909090909091,0.12121212121212122,0.08771929824561403,0.07547169811320754,0.12280701754385964,0.08450704225352113,0.15873015873015872
9003,linear,difficulty,2,0.8466666666666667,0.8533333333333334,0.17307692307692307,0.1694915254237288,0.171875,0.16666666666666666,0.17307692307692307,0.1346153846153846,0.2,0.10344827586206896
9003,linear,difficulty,3,0.8566666666666667,0.8733333333333333,0.16666666666666666,0.125,0.07017543859649122,0.11764705882352941,0.14,0.08771929824561403,0.1724137931034483,0.15942028985507245
9003,linear,capability,0,0.29333333333333333,0.2733333333333333,0.6170212765957447,0.6481481481481481,0.6666666666666666,0.6984126984126984,0.734375,0.5660377358490566,0.8070175438596491,0.7192982456140351
9003,linear,capability,1,0.83,0.7733333333333333,0.08771929824561403,0.20454545454545456,0.13636363636363635,0.15789473684210525,0.09433962264150944,0.21052631578947367,0.2535211267605634,0.19047619047619047
9003,linear,capability,2,0.8433333333333334,0.85,0.17307692307692307,0.1694915254237288,0.171875,0.16666666666666666,0.17307692307692307,0.15384615384615385,0.21818181818181817,0.10344827586206896
9003,linear,capability,3,0.8566666666666667,0.8666666666666667,0.16666666666666666,0.125,0.07017543859649122,0.11764705882352941,0.14,0.08771929824561403,0.1724137931034483,0.15942028985507245
9003,linear,family,0,0.2866666666666667,0.26,0.6170212765957447,0.6296296296296297,0.6833333333333333,0.7301587301587301,0.71875,0.6037735849056604,0.8245614035087719,0.7543859649122807
9003,linear,family,1,0.7333333333333333,0.69,0.19298245614035087,0.18181818181818182,0.2727272727272727,0.24561403508771928,0.11320754716981132,0.19298245614035087,0.4507042253521127,0.23809523809523808
9003,linear,family,2,0.84,0.85,0.17307692307692307,0.1694915254237288,0.171875,0.16666666666666666,0.17307692307692307,0.17307692307692307,0.21818181818181817,0.10344827586206896
9003,linear,family,3,0.8566666666666667,0.8666666666666667,0.16666666666666666,0.125,0.07017543859649122,0.11764705882352941,0.14,0.08771929824561403,0.1724137931034483,0.15942028985507245
9003,linear,failure,0,0.29333333333333333,0.26666666666666666,0.6170212765957447,0.5925925925925926,0.7166666666666667,0.6984126984126984,0.71875,0.5283018867924528,0.7719298245614035,0.7543859649122807
9003,linear,failure,1,0.79,0.74,0.17543859649122806,0.25,0.21212121212121213,0.24561403508771928,0.07547169811320754,0.19298245614035087,0.23943661971830985,0.19047619047619047
9003,linear,failure,2,0.84,0.85,0.17307692307692307,0.1694915254237288,0.171875,0.16666666666666666,0.17307692307692307,0.17307692307692307,0.21818181818181817,0.10344827586206896
9003,linear,failure,3,0.8566666666666667,0.8666666666666667,0.16666666666666666,0.125,0.07017543859649122,0.11764705882352941,0.14,0.08771929824561403,0.1724137931034483,0.15942028985507245
9003,linear,random_gran,0,0.28,0.26,0.6170212765957447,0.6481481481481481,0.6666666666666666,0.7301587301587301,0.734375,0.6415094339622641,0.8070175438596491,0.7894736842105263
9003,linear,random_gran,1,0.7766666666666666,0.7233333333333334,0.19298245614035087,0.22727272727272727,0.19696969696969696,0.24561403508771928,0.1320754716981132,0.22807017543859648,0.28169014084507044,0.19047619047619047
9003,linear,random_gran,2,0.8433333333333334,0.8466666666666667,0.17307692307692307,0.1694915254237288,0.171875,0.16666666666666666,0.17307692307692307,0.15384615384615385,0.21818181818181817,0.10344827586206896
9003,linear,random_gran,3,0.8566666666666667,0.8666666666666667,0.16666666666666666,0.125,0.07017543859649122,0.11764705882352941,0.14,0.08771929824561403,0.1724137931034483,0.15942028985507245
9004,linear,uniform,0,0.3466666666666667,0.2833333333333333,0.6949152542372882,0.6956521739130435,0.7096774193548387,0.6166666666666667,0.6883116883116883,0.7115384615384616,0.6229508196721312,0.5901639344262295
9004,linear,uniform,1,0.7866666666666666,0.6233333333333333,0.28125,0.10416666666666667,0.1694915254237288,0.1791044776119403,0.17857142857142858,0.29411764705882354,0.16363636363636364,0.22388059701492538
9004,linear,uniform,2,0.87,0.8666666666666667,0.07142857142857142,0.12857142857142856,0.06779661016949153,0.09433962264150944,0.08888888888888889,0.17857142857142858,0.21052631578947367,0.16363636363636364
9004,linear,uniform,3,0.9,0.87,0.06060606060606061,0.1,0.10638297872340426,0.1111111111111111,0.04081632653061224,0.1320754716981132,0.125,0.140625
9004,linear,difficulty,0,0.35,0.30333333333333334,0.576271186440678,0.6739130434782609,0.7096774193548387,0.6333333333333333,0.6623376623376623,0.6923076923076923,0.5901639344262295,0.7213114754098361
9004,linear,difficulty,1,0.87,0.7833333333333333,0.078125,0.041666666666666664,0.13559322033898305,0.11940298507462686,0.10714285714285714,0.23529411764705882,0.10909090909090909,0.13432835820895522
9004,linear,difficulty,2,0.8833333333333333,0.8733333333333333,0.07142857142857142,0.07142857142857142,0.05084745762711865,0.09433962264150944,0.08888888888888889,0.17857142857142858,0.21052631578947367,0.14545454545454545
9004,linear,difficulty,3,0.9,0.87,0.06060606060606061,0.1,0.10638297872340426,0.1111111111111111,0.04081632653061224,0.1320754716981132,0.125,0.140625
9004,linear,capability,0,0.30666666666666664,0.25333333333333335,0.6779661016949152,0.717391304347826,0.7258064516129032,0.7,0.7272727272727273,0.6923076923076923,0.6065573770491803,0.7704918032786885
9004,linear,capability,1,0.81,0.71,0.09375,0.08333333333333333,0.1864406779661017,0.208955223880597,0.14285714285714285,0.27450980392156865,0.14545454545454545,0.23880597014925373
9004,linear,capability,2,0.8833333333333333,0.8733333333333333,0.07142857142857142,0.07142857142857142,0.05084745762711865,0.09433962264150944,0.08888888888888889,0.17857142857142858,0.21052631578947367,0.14545454545454545
9004,linear,capability,3,0.9,0.87,0.06060606060606061,0.1,0.10638297872340426,0.1111111111111111,0.04081632653061224,0.1320754716981132,0.125,0.140625
9004,linear,family,0,0.3233333333333333,0.28,0.6440677966101694,0.717391304347826,0.7258064516129032,0.6666666666666666,0.7402597402597403,0.6923076923076923,0.6065573770491803,0.6721311475409836
9004,linear,family,1,0.78,0.6333333333333333,0.21875,0.125,0.1864406779661017,0.19402985074626866,0.23214285714285715,0.3137254901960784,0.16363636363636364,0.208955223880597
9004,linear,family,2,0.8833333333333333,0.8733333333333333,0.07142857142857142,0.07142857142857142,0.05084745762711865,0.09433962264150944,0.08888888888888889,0.17857142857142858,0.21052631578947367,0.14545454545454545
9004,linear,family,3,0.9,0.87,0.06060606060606061,0.1,0.10638297872340426,0.1111111111111111,0.04081632653061224,0.1320754716981132,0.125,0.140625
9004,linear,failure,0,0.32666666666666666,0.29333333333333333,0.6440677966101694,0.717391304347826,0.6774193548387096,0.7333333333333333,0.7402597402597403,0.6538461538461539,0.6065573770491803,0.6721311475409836
9004,linear,failure,1,0.76,0.6266666666666667,0.234375,0.1875,0.2033898305084746,0.208955223880597,0.23214285714285715,0.29411764705882354,0.18181818181818182,0.2537313432835821
9004,linear,failure,2,0.87,0.8633333333333333,0.07142857142857142,0.08571428571428572,0.0847457627118644,0.09433962264150944,0.08888888888888889,0.17857142857142858,0.2631578947368421,0.14545454545454545
9004,linear,failure,3,0.9,0.87,0.06060606060606061,0.1,0.10638297872340426,0.1111111111111111,0.04081632653061224,0.1320754716981132,0.125,0.140625
9004,linear,random_gran,0,0.33666666666666667,0.3,0.6101694915254238,0.7391304347826086,0.7258064516129032,0.6333333333333333,0.7402597402597403,0.6730769230769231,0.6065573770491803,0.639344262295082
9004,linear,random_gran,1,0.8066666666666666,0.6933333333333334,0.109375,0.0625,0.1694915254237288,0.14925373134328357,0.23214285714285715,0.29411764705882354,0.18181818181818182,0.2537313432835821
9004,linear,random_gran,2,0.8833333333333333,0.8733333333333333,0.07142857142857142,0.07142857142857142,0.05084745762711865,0.09433962264150944,0.08888888888888889,0.17857142857142858,0.21052631578947367,0.14545454545454545
9004,linear,random_gran,3,0.9,0.87,0.06060606060606061,0.1,0.10638297872340426,0.1111111111111111,0.04081632653061224,0.1320754716981132,0.125,0.140625
9005,linear,uniform,0,0.28,0.2833333333333333,0.7272727272727273,0.7272727272727273,0.7115384615384616,0.6029411764705882,0.7857142857142857,0.7096774193548387,0.6666666666666666,0.6875
9005,linear,uniform,1,0.8133333333333334,0.65,0.26229508196721313,0.17647058823529413,0.16279069767441862,0.19672131147540983,0.14285714285714285,0.18840579710144928,0.05357142857142857,0.07142857142857142
9005,linear,uniform,2,0.83,0.8266666666666667,0.19607843137254902,0.16363636363636364,0.2222222222222222,0.1111111111111111,0.21875,0.15492957746478872,0.2,0.08
9005,linear,uniform,3,0.88,0.8366666666666667,0.10526315789473684,0.09836065573770492,0.11475409836065574,0.11666666666666667,0.1694915254237288,0.10909090909090909,0.10869565217391304,0.15789473684210525
9005,linear,difficulty,0,0.28,0.2633333333333333,0.7090909090909091,0.7636363636363637,0.6538461538461539,0.6617647058823529,0.7857142857142857,0.6612903225806451,0.6666666666666666,0.71875
9005,linear,difficulty,1,0.8566666666666667,0.7466666666666667,0.16393442622950818,0.20588235294117646,0.11627906976744186,0.14754098360655737,0.07142857142857142,0.15942028985507245,0.03571428571428571,0.07142857142857142
9005,linear,difficulty,2,0.83,0.8266666666666667,0.19607843137254902,0.16363636363636364,0.2222222222222222,0.1111111111111111,0.21875,0.15492957746478872,0.2,0.08
9005,linear,difficulty,3,0.88,0.8366666666666667,0.10526315789473684,0.09836065573770492,0.11475409836065574,0.11666666666666667,0.1694915254237288,0.10909090909090909,0.10869565217391304,0.15789473684210525
9005,linear,capability,0,0.2833333333333333,0.27,0.7272727272727273,0.7818181818181819,0.6730769230769231,0.6323529411764706,0.8095238095238095,0.6612903225806451,0.6666666666666666,0.6875
9005,linear,capability,1,0.8266666666666667,0.6766666666666666,0.14754098360655737,0.19117647058823528,0.16279069767441862,0.18032786885245902,0.19642857142857142,0.10144927536231885,0.125,0.07142857142857142
9005,linear,capability,2,0.83,0.8233333333333334,0.19607843137254902,0.16363636363636364,0.2222222222222222,0.1111111111111111,0.21875,0.15492957746478872,0.2,0.08
9005,linear,capability,3,0.8766666666666667,0.8366666666666667,0.10526315789473684,0.09836065573770492,0.11475409836065574,0.13333333333333333,0.1694915254237288,0.10909090909090909,0.10869565217391304,0.17543859649122806
9005,linear,family,0,0.2833333333333333,0.2866666666666667,0.7090909090909091,0.6545454545454545,0.7115384615384616,0.6029411764705882,0.8095238095238095,0.7096774193548387,0.7368421052631579,0.640625
9005,linear,family,1,0.79,0.6266666666666667,0.2459016393442623,0.22058823529411764,0.16279069767441862,0.21311475409836064,0.23214285714285715,0.17391304347826086,0.10714285714285714,0.07142857142857142
9005,linear,family,2,0.8166666666666667,0.81,0.19607843137254902,0.2,0.24074074074074073,0.1111111111111111,0.234375,0.19718309859154928,0.2,0.08
9005,linear,family,3,0.88,0.8366666666666667,0.10526315789473684,0.09836065573770492,0.11475409836065574,0.11666666666666667,0.1694915254237288,0.10909090909090909,0.10869565217391304,0.15789473684210525
9005,linear,failure,0,0.30666666666666664,0.29333333333333333,0.7272727272727273,0.7272727272727273,0.6538461538461539,0.5882352941176471,0.7857142857142857,0.5967741935483871,0.6666666666666666,0.65625
9005,linear,failure,1,0.7333333333333333,0.5833333333333334,0.26229508196721313,0.3235294117647059,0.18604651162790697,0.39344262295081966,0.35714285714285715,0.15942028985507245,0.08928571428571429,0.08928571428571429
9005,linear,failure,2,0.8266666666666667,0.8133333333333334,0.19607843137254902,0.16363636363636364,0.24074074074074073,0.1111111111111111,0.234375,0.15492957746478872,0.2,0.08
9005,linear,failure,3,0.88,0.8366666666666667,0.10526315789473684,0.09836065573770492,0.11475409836065574,0.11666666666666667,0.1694915254237288,0.10909090909090909,0.10869565217391304,0.15789473684210525
9005,linear,random_gran,0,0.3333333333333333,0.3,0.6909090909090909,0.6545454545454545,0.6538461538461539,0.5735294117647058,0.7619047619047619,0.6290322580645161,0.6491228070175439,0.578125
9005,linear,random_gran,1,0.8433333333333334,0.7033333333333334,0.21311475409836064,0.17647058823529413,0.16279069767441862,0.16393442622950818,0.125,0.08695652173913043,0.05357142857142857,0.07142857142857142
9005,linear,random_gran,2,0.83,0.83,0.19607843137254902,0.16363636363636364,0.2222222222222222,0.1111111111111111,0.21875,0.15492957746478872,0.2,0.08
9005,linear,random_gran,3,0.88,0.8366666666666667,0.10526315789473684,0.09836065573770492,0.11475409836065574,0.11666666666666667,0.1694915254237288,0.10909090909090909,0.10869565217391304,0.15789473684210525
9006,linear,uniform,0,0.2866666666666667,0.24666666666666667,0.7962962962962963,0.7333333333333333,0.6666666666666666,0.6885245901639344,0.6666666666666666,0.7543859649122807,0.8,0.7794117647058824
9006,linear,uniform,1,0.73,0.6533333333333333,0.22950819672131148,0.3389830508474576,0.10714285714285714,0.20967741935483872,0.2857142857142857,0.3,0.3392857142857143,0.34375
9006,linear,uniform,2,0.88,0.8,0.15625,0.07547169811320754,0.11290322580645161,0.11764705882352941,0.14516129032258066,0.1016949152542373,0.14285714285714285,0.09615384615384616
9006,linear,uniform,3,0.8766666666666667,0.8233333333333334,0.14754098360655737,0.14285714285714285,0.15384615384615385,0.17391304347826086,0.14516129032258066,0.05,0.1,0.10344827586206896
9006,linear,difficulty,0,0.3433333333333333,0.2966666666666667,0.7222222222222222,0.7,0.6666666666666666,0.6557377049180327,0.6140350877192983,0.631578947368421,0.7111111111111111,0.6911764705882353
9006,linear,difficulty,1,0.8666666666666667,0.79,0.13114754098360656,0.15254237288135594,0.05357142857142857,0.11290322580645161,0.21428571428571427,0.12,0.07142857142857142,0.171875
9006,linear,difficulty,2,0.88,0.8033333333333333,0.15625,0.07547169811320754,0.11290322580645161,0.11764705882352941,0.14516129032258066,0.1016949152542373,0.14285714285714285,0.09615384615384616
9006,linear,difficulty,3,0.8766666666666667,0.8233333333333334,0.14754098360655737,0.14285714285714285,0.15384615384615385,0.17391304347826086,0.14516129032258066,0.05,0.1,0.10344827586206896
9006,linear,capability,0,0.32,0.26666666666666666,0.8148148148148148,0.65,0.6666666666666666,0.6721311475409836,0.6491228070175439,0.631578947368421,0.7777777777777778,0.7647058823529411
9006,linear,capability,1,0.8166666666666667,0.7333333333333333,0.21311475409836064,0.2542372881355932,0.10714285714285714,0.1774193548387097,0.23214285714285715,0.16,0.07142857142857142,0.1875
9006,linear,capability,2,0.87,0.7966666666666666,0.15625,0.07547169811320754,0.12903225806451613,0.11764705882352941,0.14516129032258066,0.13559322033898305,0.1836734693877551,0.11538461538461539
9006,linear,capability,3,0.8766666666666667,0.8233333333333334,0.14754098360655737,0.14285714285714285,0.15384615384615385,0.17391304347826086,0.14516129032258066,0.05,0.1,0.10344827586206896
9006,linear,family,0,0.33666666666666667,0.31,0.7777777777777778,0.7166666666666667,0.6851851851851852,0.6557377049180327,0.6140350877192983,0.6666666666666666,0.6888888888888889,0.6470588235294118
9006,linear,family,1,0.76,0.6633333333333333,0.19672131147540983,0.1864406779661017,0.19642857142857142,0.27419354838709675,0.32142857142857145,0.28,0.16071428571428573,0.25
9006,linear,family,2,0.86,0.7966666666666666,0.15625,0.07547169811320754,0.14516129032258066,0.17647058823529413,0.14516129032258066,0.11864406779661017,0.16326530612244897,0.11538461538461539
9006,linear,family,3,0.8766666666666667,0.8233333333333334,0.14754098360655737,0.14285714285714285,0.15384615384615385,0.17391304347826086,0.14516129032258066,0.05,0.1,0.10344827586206896
9006,linear,failure,0,0.33,0.2833333333333333,0.7222222222222222,0.65,0.6851851851851852,0.6557377049180327,0.7017543859649122,0.6140350877192983,0.7777777777777778,0.7205882352941176
9006,linear,failure,1,0.7166666666666667,0.6366666666666667,0.22950819672131148,0.3389830508474576,0.25,0.14516129032258066,0.35714285714285715,0.22,0.2857142857142857,0.40625
9006,linear,failure,2,0.87,0.7933333333333333,0.15625,0.07547169811320754,0.12903225806451613,0.11764705882352941,0.14516129032258066,0.13559322033898305,0.1836734693877551,0.11538461538461539
9006,linear,failure,3,0.8766666666666667,0.8233333333333334,0.14754098360655737,0.14285714285714285,0.15384615384615385,0.17391304347826086,0.14516129032258066,0.05,0.1,0.10344827586206896
9006,linear,random_gran,0,0.35,0.29333333333333333,0.7222222222222222,0.6333333333333333,0.6481481481481481,0.639344262295082,0.631578947368421,0.631578947368421,0.7555555555555555,0.7205882352941176
9006,linear,random_gran,1,0.7866666666666666,0.6966666666666667,0.22950819672131148,0.2033898305084746,0.14285714285714285,0.12903225806451613,0.23214285714285715,0.22,0.19642857142857142,0.3125
9006,linear,random_gran,2,0.88,0.8033333333333333,0.15625,0.07547169811320754,0.11290322580645161,0.11764705882352941,0.14516129032258066,0.1016949152542373,0.14285714285714285,0.09615384615384616
9006,linear,random_gran,3,0.8766666666666667,0.8233333333333334,0.14754098360655737,0.14285714285714285,0.15384615384615385,0.17391304347826086,0.14516129032258066,0.05,0.1,0.10344827586206896
9007,linear,uniform,0,0.3,0.2733333333333333,0.7323943661971831,0.746031746031746,0.7090909090909091,0.5614035087719298,0.6610169491525424,0.6833333333333333,0.6923076923076923,0.7666666666666667
9007,linear,uniform,1,0.7533333333333333,0.7,0.2653061224489796,0.3103448275862069,0.20634920634920634,0.13559322033898305,0.23809523809523808,0.2,0.26,0.22807017543859648
9007,linear,uniform,2,0.8766666666666667,0.8566666666666667,0.0851063829787234,0.1346153846153846,0.09523809523809523,0.14925373134328357,0.03773584905660377,0.20408163265306123,0.15789473684210525,0.14285714285714285
9007,linear,uniform,3,0.89,0.8266666666666667,0.0625,0.1,0.10204081632653061,0.1509433962264151,0.057692307692307696,0.1643835616438356,0.16071428571428573,0.07352941176470588
9007,linear,difficulty,0,0.32666666666666666,0.2966666666666667,0.7183098591549296,0.7301587301587301,0.7090909090909091,0.5614035087719298,0.559322033898305,0.6666666666666666,0.6730769230769231,0.75
9007,linear,difficulty,1,0.85,0.7966666666666666,0.16326530612244897,0.20689655172413793,0.1111111111111111,0.15254237288135594,0.15873015873015872,0.05454545454545454,0.12,0.08771929824561403
9007,linear,difficulty,2,0.8766666666666667,0.8566666666666667,0.0851063829787234,0.1346153846153846,0.09523809523809523,0.14925373134328357,0.03773584905660377,0.20408163265306123,0.15789473684210525,0.14285714285714285
9007,linear,difficulty,3,0.89,0.8266666666666667,0.0625,0.1,0.10204081632653061,0.1509433962264151,0.057692307692307696,0.1643835616438356,0.16071428571428573,0.07352941176470588
9007,linear,capability,0,0.31,0.27,0.7183098591549296,0.6984126984126984,0.7454545454545455,0.543859649122807,0.6610169491525424,0.6833333333333333,0.6923076923076923,0.75
9007,linear,capability,1,0.79,0.7266666666666667,0.16326530612244897,0.22413793103448276,0.07936507936507936,0.22033898305084745,0.2222222222222222,0.23636363636363636,0.26,0.15789473684210525
9007,linear,capability,2,0.8766666666666667,0.8566666666666667,0.0851063829787234,0.1346153846153846,0.09523809523809523,0.14925373134328357,0.03773584905660377,0.20408163265306123,0.15789473684210525,0.14285714285714285
9007,linear,capability,3,0.89,0.8266666666666667,0.0625,0.1,0.10204081632653061,0.1509433962264151,0.057692307692307696,0.1643835616438356,0.16071428571428573,0.07352941176470588
9007,linear,family,0,0.33666666666666667,0.3,0.7323943661971831,0.6825396825396826,0.6727272727272727,0.543859649122807,0.5932203389830508,0.6666666666666666,0.6730769230769231,0.7333333333333333
9007,linear,family,1,0.78,0.7033333333333334,0.2857142857142857,0.3103448275862069,0.2222222222222222,0.2542372881355932,0.1746031746031746,0.09090909090909091,0.12,0.10526315789473684
9007,linear,family,2,0.8766666666666667,0.86,0.0851063829787234,0.1346153846153846,0.09523809523809523,0.14925373134328357,0.03773584905660377,0.20408163265306123,0.15789473684210525,0.14285714285714285
9007,linear,family,3,0.89,0.8266666666666667,0.0625,0.1,0.10204081632653061,0.1509433962264151,0.057692307692307696,0.1643835616438356,0.16071428571428573,0.07352941176470588
9007,linear,failure,0,0.3333333333333333,0.30666666666666664,0.704225352112676,0.6825396825396826,0.7272727272727273,0.543859649122807,0.576271186440678,0.6666666666666666,0.6730769230769231,0.7333333333333333
9007,linear,failure,1,0.7366666666666667,0.6666666666666666,0.30612244897959184,0.27586206896551724,0.20634920634920634,0.2711864406779661,0.31746031746031744,0.21818181818181817,0.24,0.14035087719298245
9007,linear,failure,2,0.8533333333333334,0.8433333333333334,0.10638297872340426,0.1346153846153846,0.16666666666666666,0.1791044776119403,0.03773584905660377,0.20408163265306123,0.15789473684210525,0.14285714285714285
9007,linear,failure,3,0.89,0.8233333333333334,0.0625,0.1,0.10204081632653061,0.1509433962264151,0.057692307692307696,0.1643835616438356,0.16071428571428573,0.07352941176470588
9007,linear,random_gran,0,0.2966666666666667,0.26,0.7464788732394366,0.7142857142857143,0.7090909090909091,0.5614035087719298,0.6610169491525424,0.6666666666666666,0.6923076923076923,0.8333333333333334
9007,linear,random_gran,1,0.7333333333333333,0.7,0.2857142857142857,0.2413793103448276,0.20634920634920634,0.23728813559322035,0.2857142857142857,0.21818181818181817,0.26,0.2631578947368421
9007,linear,random_gran,2,0.8733333333333333,0.8566666666666667,0.0851063829787234,0.1346153846153846,0.09523809523809523,0.14925373134328357,0.05660377358490566,0.20408163265306123,0.17543859649122806,0.14285714285714285
9007,linear,random_gran,3,0.89,0.8266666666666667,0.0625,0.1,0.10204081632653061,0.1509433962264151,0.057692307692307696,0.1643835616438356,0.16071428571428573,0.07352941176470588
9008,linear,uniform,0,0.2833333333333333,0.31,0.6981132075471698,0.6470588235294118,0.7192982456140351,0.7192982456140351,0.6949152542372882,0.7368421052631579,0.6461538461538462,0.8461538461538461
9008,linear,uniform,1,0.8333333333333334,0.7066666666666667,0.27419354838709675,0.16923076923076924,0.07692307692307693,0.21739130434782608,0.1346153846153846,0.30357142857142855,0.07142857142857142,0.15492957746478872
9008,linear,uniform,2,0.87,0.7933333333333333,0.1111111111111111,0.1076923076923077,0.15384615384615385,0.12962962962962962,0.16666666666666666,0.09523809523809523,0.10204081632653061,0.1232876712328767
9008,linear,uniform,3,0.8766666666666667,0.8433333333333334,0.14084507042253522,0.18333333333333332,0.07547169811320754,0.1509433962264151,0.11267605633802817,0.15,0.09803921568627451,0.12121212121212122
9008,linear,difficulty,0,0.28,0.30666666666666664,0.6981132075471698,0.7058823529411765,0.6140350877192983,0.6666666666666666,0.7288135593220338,0.6666666666666666,0.7230769230769231,0.8076923076923077
9008,linear,difficulty,1,0.91,0.8066666666666666,0.16129032258064516,0.09230769230769231,0.09230769230769231,0.08695652173913043,0.057692307692307696,0.16071428571428573,0.02857142857142857,0.07042253521126761
9008,linear,difficulty,2,0.87,0.8,0.1111111111111111,0.1076923076923077,0.15384615384615385,0.12962962962962962,0.16666666666666666,0.09523809523809523,0.10204081632653061,0.1232876712328767
9008,linear,difficulty,3,0.88,0.8466666666666667,0.1267605633802817,0.16666666666666666,0.07547169811320754,0.1509433962264151,0.11267605633802817,0.15,0.09803921568627451,0.12121212121212122
9008,linear,capability,0,0.29,0.32666666666666666,0.7169811320754716,0.7352941176470589,0.5964912280701754,0.7719298245614035,0.6440677966101694,0.631578947368421,0.6461538461538462,0.8461538461538461
9008,linear,capability,1,0.8566666666666667,0.7566666666666667,0.22580645161290322,0.26153846153846155,0.07692307692307693,0.15217391304347827,0.09615384615384616,0.25,0.02857142857142857,0.07042253521126761
9008,linear,capability,2,0.87,0.7933333333333333,0.1111111111111111,0.1076923076923077,0.15384615384615385,0.12962962962962962,0.16666666666666666,0.09523809523809523,0.10204081632653061,0.1232876712328767
9008,linear,capability,3,0.8766666666666667,0.8466666666666667,0.14084507042253522,0.18333333333333332,0.07547169811320754,0.1509433962264151,0.11267605633802817,0.15,0.09803921568627451,0.12121212121212122
9008,linear,family,0,0.27,0.31666666666666665,0.7169811320754716,0.6911764705882353,0.5964912280701754,0.7719298245614035,0.7288135593220338,0.6666666666666666,0.7384615384615385,0.8269230769230769
9008,linear,family,1,0.8033333333333333,0.6766666666666666,0.24193548387096775,0.16923076923076924,0.1076923076923077,0.2391304347826087,0.15384615384615385,0.32142857142857145,0.17142857142857143,0.16901408450704225
9008,linear,family,2,0.8633333333333333,0.7833333333333333,0.1111111111111111,0.1076923076923077,0.15384615384615385,0.12962962962962962,0.16666666666666666,0.09523809523809523,0.14285714285714285,0.1232876712328767
9008,linear,family,3,0.88,0.8466666666666667,0.1267605633802817,0.16666666666666666,0.07547169811320754,0.1509433962264151,0.11267605633802817,0.15,0.09803921568627451,0.12121212121212122
9008,linear,failure,0,0.29333333333333333,0.31666666666666665,0.7169811320754716,0.7205882352941176,0.5789473684210527,0.6666666666666666,0.711864406779661,0.6842105263157895,0.6307692307692307,0.8269230769230769
9008,linear,failure,1,0.7866666666666666,0.6666666666666666,0.4032258064516129,0.2,0.2153846153846154,0.2608695652173913,0.07692307692307693,0.21428571428571427,0.15714285714285714,0.16901408450704225
9008,linear,failure,2,0.86,0.78,0.1111111111111111,0.12307692307692308,0.17307692307692307,0.16666666666666666,0.16666666666666666,0.09523809523809523,0.10204081632653061,0.1232876712328767
9008,linear,failure,3,0.8766666666666667,0.8433333333333334,0.14084507042253522,0.18333333333333332,0.07547169811320754,0.1509433962264151,0.11267605633802817,0.15,0.09803921568627451,0.12121212121212122
9008,linear,random_gran,0,0.30333333333333334,0.33666666666666667,0.6415094339622641,0.6323529411764706,0.6842105263157895,0.7192982456140351,0.6610169491525424,0.7368421052631579,0.6,0.8461538461538461
9008,linear,random_gran,1,0.84,0.7233333333333334,0.1774193548387097,0.12307692307692308,0.18461538461538463,0.17391304347826086,0.1346153846153846,0.35714285714285715,0.07142857142857142,0.09859154929577464
9008,linear,random_gran,2,0.87,0.7933333333333333,0.1111111111111111,0.1076923076923077,0.15384615384615385,0.12962962962962962,0.16666666666666666,0.09523809523809523,0.10204081632653061,0.1232876712328767
9008,linear,random_gran,3,0.88,0.8466666666666667,0.1267605633802817,0.16666666666666666,0.07547169811320754,0.1509433962264151,0.11267605633802817,0.15,0.09803921568627451,0.12121212121212122
9009,linear,uniform,0,0.3566666666666667,0.24333333333333335,0.6226415094339622,0.6938775510204082,0.6037735849056604,0.684931506849315,0.6,0.5753424657534246,0.5789473684210527,0.5964912280701754
9009,linear,uniform,1,0.7833333333333333,0.7466666666666667,0.27586206896551724,0.2698412698412698,0.23636363636363636,0.25,0.14285714285714285,0.2641509433962264,0.21875,0.22
9009,linear,uniform,2,0.92,0.83,0.08,0.06896551724137931,0.1016949152542373,0.05714285714285714,0.07352941176470588,0.15517241379310345,0.07692307692307693,0.0
9009,linear,uniform,3,0.8933333333333333,0.8533333333333334,0.05660377358490566,0.10294117647058823,0.08163265306122448,0.12727272727272726,0.14925373134328357,0.12698412698412698,0.11940298507462686,0.13953488372093023
9009,linear,difficulty,0,0.33666666666666667,0.24666666666666667,0.6226415094339622,0.6938775510204082,0.6037735849056604,0.6712328767123288,0.7333333333333333,0.589041095890411,0.5964912280701754,0.6491228070175439
9009,linear,difficulty,1,0.83,0.8066666666666666,0.13793103448275862,0.15873015873015872,0.12727272727272726,0.25,0.12857142857142856,0.20754716981132076,0.203125,0.24
9009,linear,difficulty,2,0.9233333333333333,0.84,0.08,0.06896551724137931,0.0847457627118644,0.05714285714285714,0.07352941176470588,0.13793103448275862,0.07692307692307693,0.0
9009,linear,difficulty,3,0.8933333333333333,0.8533333333333334,0.05660377358490566,0.10294117647058823,0.08163265306122448,0.12727272727272726,0.14925373134328357,0.12698412698412698,0.11940298507462686,0.13953488372093023
9009,linear,capability,0,0.39666666666666667,0.31,0.5849056603773585,0.5918367346938775,0.5471698113207547,0.684931506849315,0.5777777777777777,0.4931506849315068,0.5614035087719298,0.5614035087719298
9009,linear,capability,1,0.79,0.77,0.3103448275862069,0.19047619047619047,0.18181818181818182,0.25,0.12857142857142856,0.2830188679245283,0.234375,0.2
9009,linear,capability,2,0.92,0.8366666666666667,0.1,0.06896551724137931,0.0847457627118644,0.07142857142857142,0.07352941176470588,0.13793103448275862,0.07692307692307693,0.0
9009,linear,capability,3,0.8933333333333333,0.8533333333333334,0.05660377358490566,0.10294117647058823,0.08163265306122448,0.12727272727272726,0.14925373134328357,0.12698412698412698,0.11940298507462686,0.13953488372093023
9009,linear,family,0,0.34,0.24666666666666667,0.6415094339622641,0.673469387755102,0.6226415094339622,0.6712328767123288,0.6666666666666666,0.6027397260273972,0.6666666666666666,0.5789473684210527
9009,linear,family,1,0.7433333333333333,0.6833333333333333,0.25862068965517243,0.20634920634920634,0.2727272727272727,0.375,0.18571428571428572,0.3584905660377358,0.234375,0.26
9009,linear,family,2,0.8933333333333333,0.8133333333333334,0.08,0.06896551724137931,0.1016949152542373,0.07142857142857142,0.08823529411764706,0.27586206896551724,0.07692307692307693,0.044444444444444446
9009,linear,family,3,0.8933333333333333,0.8533333333333334,0.05660377358490566,0.10294117647058823,0.08163265306122448,0.12727272727272726,0.14925373134328357,0.12698412698412698,0.11940298507462686,0.13953488372093023
9009,linear,failure,0,0.3,0.23666666666666666,0.6415094339622641,0.673469387755102,0.6415094339622641,0.726027397260274,0.7777777777777778,0.6438356164383562,0.6666666666666666,0.6842105263157895
9009,linear,failure,1,0.7266666666666667,0.68,0.39655172413793105,0.31746031746031744,0.2545454545454545,0.25,0.18571428571428572,0.33962264150943394,0.234375,0.34
9009,linear,failure,2,0.9,0.8233333333333334,0.08,0.06896551724137931,0.1016949152542373,0.07142857142857142,0.07352941176470588,0.2413793103448276,0.09615384615384616,0.044444444444444446
9009,linear,failure,3,0.8933333333333333,0.8533333333333334,0.05660377358490566,0.10294117647058823,0.08163265306122448,0.12727272727272726,0.14925373134328357,0.12698412698412698,0.11940298507462686,0.13953488372093023
9009,linear,random_gran,0,0.36333333333333334,0.2633333333333333,0.5660377358490566,0.6122448979591837,0.5660377358490566,0.6438356164383562,0.6,0.684931506849315,0.5263157894736842,0.6491228070175439
9009,linear,random_gran,1,0.77,0.7366666666666667,0.22413793103448276,0.2857142857142857,0.23636363636363636,0.2708333333333333,0.14285714285714285,0.2641509433962264,0.203125,0.32
9009,linear,random_gran,2,0.9233333333333333,0.84,0.08,0.06896551724137931,0.0847457627118644,0.05714285714285714,0.07352941176470588,0.13793103448275862,0.07692307692307693,0.0
9009,linear,random_gran,3,0.8933333333333333,0.8533333333333334,0.05660377358490566,0.10294117647058823,0.08163265306122448,0.12727272727272726,0.14925373134328357,0.12698412698412698,0.11940298507462686,0.13953488372093023
9010,linear,uniform,0,0.36,0.23666666666666666,0.6964285714285714,0.5714285714285714,0.734375,0.5483870967741935,0.5714285714285714,0.6739130434782609,0.46511627906976744,0.6451612903225806
9010,linear,uniform,1,0.7366666666666667,0.72,0.31343283582089554,0.2653061224489796,0.25675675675675674,0.13725490196078433,0.3684210526315789,0.22807017543859648,0.29411764705882354,0.3050847457627119
9010,linear,uniform,2,0.9033333333333333,0.8466666666666667,0.14705882352941177,0.05084745762711865,0.15217391304347827,0.09259259259259259,0.04,0.06666666666666667,0.06451612903225806,0.109375
9010,linear,uniform,3,0.8833333333333333,0.8733333333333333,0.22641509433962265,0.09090909090909091,0.07272727272727272,0.09090909090909091,0.14545454545454545,0.10526315789473684,0.07017543859649122,0.11538461538461539
9010,linear,difficulty,0,0.3233333333333333,0.20666666666666667,0.7321428571428571,0.5714285714285714,0.765625,0.6290322580645161,0.5714285714285714,0.7391304347826086,0.4883720930232558,0.6935483870967742
9010,linear,difficulty,1,0.8033333333333333,0.7966666666666666,0.23880597014925373,0.2653061224489796,0.21621621621621623,0.13725490196078433,0.21052631578947367,0.21052631578947367,0.19607843137254902,0.15254237288135594
9010,linear,difficulty,2,0.9166666666666666,0.8533333333333334,0.11764705882352941,0.03389830508474576,0.15217391304347827,0.07407407407407407,0.04,0.044444444444444446,0.04838709677419355,0.09375
9010,linear,difficulty,3,0.89,0.8733333333333333,0.18867924528301888,0.09090909090909091,0.07272727272727272,0.09090909090909091,0.14545454545454545,0.07017543859649122,0.07017543859649122,0.11538461538461539
9010,linear,capability,0,0.3333333333333333,0.20333333333333334,0.6964285714285714,0.5714285714285714,0.703125,0.6129032258064516,0.6507936507936508,0.7608695652173914,0.46511627906976744,0.6451612903225806
9010,linear,capability,1,0.7666666666666667,0.7433333333333333,0.2537313432835821,0.32653061224489793,0.16216216216216217,0.17647058823529413,0.24561403508771928,0.21052631578947367,0.3137254901960784,0.2711864406779661
9010,linear,capability,2,0.9166666666666666,0.8533333333333334,0.11764705882352941,0.03389830508474576,0.15217391304347827,0.07407407407407407,0.04,0.044444444444444446,0.04838709677419355,0.09375
9010,linear,capability,3,0.8833333333333333,0.8733333333333333,0.22641509433962265,0.09090909090909091,0.07272727272727272,0.09090909090909091,0.14545454545454545,0.10526315789473684,0.07017543859649122,0.11538461538461539
9010,linear,family,0,0.31,0.20666666666666667,0.7321428571428571,0.5714285714285714,0.765625,0.6451612903225806,0.6507936507936508,0.7391304347826086,0.4883720930232558,0.6935483870967742
9010,linear,family,1,0.72,0.6733333333333333,0.34328358208955223,0.3877551020408163,0.2702702702702703,0.13725490196078433,0.3684210526315789,0.24561403508771928,0.2549019607843137,0.3220338983050847
9010,linear,family,2,0.8933333333333333,0.8266666666666667,0.17647058823529413,0.1016949152542373,0.15217391304347827,0.09259259259259259,0.04,0.06666666666666667,0.04838709677419355,0.09375
9010,linear,family,3,0.8866666666666667,0.8733333333333333,0.20754716981132076,0.09090909090909091,0.07272727272727272,0.09090909090909091,0.14545454545454545,0.08771929824561403,0.07017543859649122,0.11538461538461539
9010,linear,failure,0,0.3233333333333333,0.20333333333333334,0.6964285714285714,0.5714285714285714,0.75,0.5967741935483871,0.6507936507936508,0.7608695652173914,0.46511627906976744,0.6774193548387096
9010,linear,failure,1,0.7133333333333334,0.6866666666666666,0.40298507462686567,0.3877551020408163,0.20270270270270271,0.21568627450980393,0.3684210526315789,0.2631578947368421,0.2549019607843137,0.3050847457627119
9010,linear,failure,2,0.9066666666666666,0.8466666666666667,0.11764705882352941,0.05084745762711865,0.15217391304347827,0.07407407407407407,0.04,0.06666666666666667,0.06451612903225806,0.125
9010,linear,failure,3,0.8866666666666667,0.8733333333333333,0.20754716981132076,0.09090909090909091,0.07272727272727272,0.09090909090909091,0.14545454545454545,0.08771929824561403,0.07017543859649122,0.11538461538461539
9010,linear,random_gran,0,0.30666666666666664,0.19333333333333333,0.7142857142857143,0.5535714285714286,0.734375,0.6451612903225806,0.6984126984126984,0.7608695652173914,0.5348837209302325,0.6774193548387096
9010,linear,random_gran,1,0.7133333333333334,0.68,0.26865671641791045,0.32653061224489793,0.2702702702702703,0.17647058823529413,0.3508771929824561,0.2631578947368421,0.4117647058823529,0.3050847457627119
9010,linear,random_gran,2,0.91,0.85,0.11764705882352941,0.05084745762711865,0.15217391304347827,0.07407407407407407,0.04,0.06666666666666667,0.06451612903225806,0.109375
9010,linear,random_gran,3,0.8833333333333333,0.8733333333333333,0.22641509433962265,0.09090909090909091,0.07272727272727272,0.09090909090909091,0.14545454545454545,0.10526315789473684,0.07017543859649122,0.11538461538461539
9011,linear,uniform,0,0.33666666666666667,0.2633333333333333,0.6885245901639344,0.6,0.7413793103448276,0.7288135593220338,0.7058823529411765,0.5961538461538461,0.6545454545454545,0.6911764705882353
9011,linear,uniform,1,0.7966666666666666,0.7666666666666667,0.125,0.13793103448275862,0.2777777777777778,0.19642857142857142,0.14035087719298245,0.2549019607843137,0.2753623188405797,0.20689655172413793
9011,linear,uniform,2,0.8566666666666667,0.86,0.2,0.12962962962962962,0.10204081632653061,0.20833333333333334,0.15873015873015872,0.11475409836065574,0.15151515151515152,0.0945945945945946
9011,linear,uniform,3,0.88,0.8533333333333334,0.12244897959183673,0.13793103448275862,0.12727272727272726,0.15492957746478872,0.14705882352941177,0.10526315789473684,0.038461538461538464,0.08064516129032258
9011,linear,difficulty,0,0.3333333333333333,0.26,0.6557377049180327,0.5818181818181818,0.7413793103448276,0.7288135593220338,0.7794117647058824,0.6538461538461539,0.6181818181818182,0.7058823529411765
9011,linear,difficulty,1,0.8633333333333333,0.8666666666666667,0.1111111111111111,0.1206896551724138,0.18518518518518517,0.125,0.14035087719298245,0.11764705882352941,0.18840579710144928,0.13793103448275862
9011,linear,difficulty,2,0.86,0.87,0.2,0.1111111111111111,0.08163265306122448,0.20833333333333334,0.15873015873015872,0.11475409836065574,0.15151515151515152,0.0945945945945946
9011,linear,difficulty,3,0.88,0.8566666666666667,0.12244897959183673,0.13793103448275862,0.12727272727272726,0.15492957746478872,0.14705882352941177,0.10526315789473684,0.038461538461538464,0.08064516129032258
9011,linear,capability,0,0.35333333333333333,0.2966666666666667,0.6229508196721312,0.5636363636363636,0.7586206896551724,0.711864406779661,0.7058823529411765,0.6346153846153846,0.6,0.7205882352941176
9011,linear,capability,1,0.85,0.8466666666666667,0.1111111111111111,0.1206896551724138,0.16666666666666666,0.125,0.15789473684210525,0.17647058823529413,0.2028985507246377,0.15517241379310345
9011,linear,capability,2,0.86,0.87,0.2,0.1111111111111111,0.08163265306122448,0.20833333333333334,0.15873015873015872,0.11475409836065574,0.15151515151515152,0.0945945945945946
9011,linear,capability,3,0.88,0.8566666666666667,0.12244897959183673,0.13793103448275862,0.12727272727272726,0.15492957746478872,0.14705882352941177,0.10526315789473684,0.038461538461538464,0.08064516129032258
9011,linear,family,0,0.34,0.26666666666666666,0.6885245901639344,0.6363636363636364,0.7241379310344828,0.6779661016949152,0.75,0.6346153846153846,0.6181818181818182,0.6911764705882353
9011,linear,family,1,0.7633333333333333,0.7633333333333333,0.2638888888888889,0.25862068965517243,0.2777777777777778,0.14285714285714285,0.21052631578947367,0.3333333333333333,0.21739130434782608,0.15517241379310345
9011,linear,family,2,0.8566666666666667,0.8633333333333333,0.2,0.12962962962962962,0.10204081632653061,0.20833333333333334,0.15873015873015872,0.11475409836065574,0.15151515151515152,0.0945945945945946
9011,linear,family,3,0.88,0.8533333333333334,0.12244897959183673,0.13793103448275862,0.12727272727272726,0.15492957746478872,0.14705882352941177,0.10526315789473684,0.038461538461538464,0.08064516129032258
9011,linear,failure,0,0.36,0.28,0.639344262295082,0.5636363636363636,0.7413793103448276,0.6779661016949152,0.6911764705882353,0.6538461538461539,0.6,0.6911764705882353
9011,linear,failure,1,0.7666666666666667,0.75,0.2777777777777778,0.1206896551724138,0.2962962962962963,0.19642857142857142,0.2631578947368421,0.3333333333333333,0.18840579710144928,0.1896551724137931
9011,linear,failure,2,0.86,0.87,0.2,0.1111111111111111,0.08163265306122448,0.20833333333333334,0.15873015873015872,0.11475409836065574,0.15151515151515152,0.0945945945945946
9011,linear,failure,3,0.88,0.8533333333333334,0.12244897959183673,0.13793103448275862,0.12727272727272726,0.15492957746478872,0.14705882352941177,0.10526315789473684,0.038461538461538464,0.08064516129032258
9011,linear,random_gran,0,0.3433333333333333,0.27666666666666667,0.6885245901639344,0.6363636363636364,0.7413793103448276,0.6949152542372882,0.7058823529411765,0.6153846153846154,0.6,0.6911764705882353
9011,linear,random_gran,1,0.8033333333333333,0.7833333333333333,0.1111111111111111,0.25862068965517243,0.2222222222222222,0.125,0.24561403508771928,0.21568627450980393,0.21739130434782608,0.1724137931034483
9011,linear,random_gran,2,0.8533333333333334,0.87,0.2,0.14814814814814814,0.10204081632653061,0.20833333333333334,0.15873015873015872,0.11475409836065574,0.15151515151515152,0.0945945945945946
9011,linear,random_gran,3,0.88,0.8533333333333334,0.12244897959183673,0.13793103448275862,0.12727272727272726,0.15492957746478872,0.14705882352941177,0.10526315789473684,0.038461538461538464,0.08064516129032258
9012,linear,uniform,0,0.32666666666666666,0.2866666666666667,0.7377049180327869,0.6714285714285714,0.6981132075471698,0.7288135593220338,0.6379310344827587,0.62,0.6825396825396826,0.75
9012,linear,uniform,1,0.76,0.7266666666666667,0.208955223880597,0.2727272727272727,0.3333333333333333,0.2653061224489796,0.14285714285714285,0.3013698630136986,0.11538461538461539,0.14754098360655737
9012,linear,uniform,2,0.8666666666666667,0.8633333333333333,0.0847457627118644,0.1864406779661017,0.18518518518518517,0.08163265306122448,0.15517241379310345,0.08771929824561403,0.1896551724137931,0.03389830508474576
9012,linear,uniform,3,0.8666666666666667,0.8566666666666667,0.16417910447761194,0.1724137931034483,0.07692307692307693,0.1509433962264151,0.1724137931034483,0.1111111111111111,0.09090909090909091,0.11320754716981132
9012,linear,difficulty,0,0.33,0.30333333333333334,0.7213114754098361,0.6428571428571429,0.660377358490566,0.7457627118644068,0.6724137931034483,0.7,0.6666666666666666,0.75
9012,linear,difficulty,1,0.8433333333333334,0.81,0.16417910447761194,0.2545454545454545,0.2549019607843137,0.16326530612244897,0.10714285714285714,0.0958904109589041,0.057692307692307696,0.09836065573770492
9012,linear,difficulty,2,0.8666666666666667,0.87,0.0847457627118644,0.1864406779661017,0.18518518518518517,0.08163265306122448,0.15517241379310345,0.08771929824561403,0.1896551724137931,0.03389830508474576
9012,linear,difficulty,3,0.8666666666666667,0.8566666666666667,0.16417910447761194,0.1724137931034483,0.07692307692307693,0.1509433962264151,0.1724137931034483,0.1111111111111111,0.09090909090909091,0.11320754716981132
9012,linear,capability,0,0.31666666666666665,0.27666666666666667,0.7377049180327869,0.7,0.6981132075471698,0.7457627118644068,0.6379310344827587,0.64,0.6984126984126984,0.7291666666666666
9012,linear,capability,1,0.81,0.7766666666666666,0.16417910447761194,0.23636363636363636,0.3333333333333333,0.16326530612244897,0.14285714285714285,0.2054794520547945,0.11538461538461539,0.06557377049180328
9012,linear,capability,2,0.8666666666666667,0.8633333333333333,0.0847457627118644,0.1864406779661017,0.18518518518518517,0.08163265306122448,0.15517241379310345,0.08771929824561403,0.1896551724137931,0.03389830508474576
9012,linear,capability,3,0.8666666666666667,0.8566666666666667,0.16417910447761194,0.1724137931034483,0.07692307692307693,0.1509433962264151,0.1724137931034483,0.1111111111111111,0.09090909090909091,0.11320754716981132
9012,linear,family,0,0.32,0.2866666666666667,0.7213114754098361,0.7,0.6981132075471698,0.6779661016949152,0.7241379310344828,0.68,0.6666666666666666,0.7083333333333334
9012,linear,family,1,0.7566666666666667,0.7066666666666667,0.29850746268656714,0.34545454545454546,0.35294117647058826,0.1836734693877551,0.23214285714285715,0.2054794520547945,0.1346153846153846,0.13114754098360656
9012,linear,family,2,0.8633333333333333,0.8633333333333333,0.0847457627118644,0.1864406779661017,0.2037037037037037,0.08163265306122448,0.15517241379310345,0.08771929824561403,0.1896551724137931,0.03389830508474576
9012,linear,family,3,0.8666666666666667,0.8566666666666667,0.16417910447761194,0.1724137931034483,0.07692307692307693,0.1509433962264151,0.1724137931034483,0.1111111111111111,0.09090909090909091,0.11320754716981132
9012,linear,failure,0,0.30666666666666664,0.29,0.7704918032786885,0.7142857142857143,0.6981132075471698,0.7457627118644068,0.6724137931034483,0.7,0.6666666666666666,0.7083333333333334
9012,linear,failure,1,0.71,0.6733333333333333,0.3880597014925373,0.4,0.3333333333333333,0.22448979591836735,0.17857142857142858,0.3835616438356164,0.1346153846153846,0.16393442622950818
9012,linear,failure,2,0.8533333333333334,0.86,0.11864406779661017,0.1864406779661017,0.18518518518518517,0.10204081632653061,0.1724137931034483,0.10526315789473684,0.22413793103448276,0.06779661016949153
9012,linear,failure,3,0.8566666666666667,0.8566666666666667,0.208955223880597,0.1896551724137931,0.07692307692307693,0.1509433962264151,0.1724137931034483,0.1111111111111111,0.09090909090909091,0.11320754716981132
9012,linear,random_gran,0,0.3,0.2633333333333333,0.8032786885245902,0.6714285714285714,0.7169811320754716,0.7457627118644068,0.6724137931034483,0.72,0.6984126984126984,0.7291666666666666
9012,linear,random_gran,1,0.7766666666666666,0.7166666666666667,0.26865671641791045,0.36363636363636365,0.37254901960784315,0.22448979591836735,0.14285714285714285,0.1643835616438356,0.09615384615384616,0.09836065573770492
9012,linear,random_gran,2,0.8633333333333333,0.8633333333333333,0.0847457627118644,0.1864406779661017,0.2037037037037037,0.08163265306122448,0.15517241379310345,0.08771929824561403,0.1896551724137931,0.03389830508474576
9012,linear,random_gran,3,0.8666666666666667,0.8566666666666667,0.16417910447761194,0.1724137931034483,0.07692307692307693,0.1509433962264151,0.1724137931034483,0.1111111111111111,0.09090909090909091,0.11320754716981132
9013,linear,uniform,0,0.29,0.29333333333333333,0.6551724137931034,0.7457627118644068,0.7857142857142857,0.6666666666666666,0.7931034482758621,0.5555555555555556,0.7,0.7547169811320755
9013,linear,uniform,1,0.7233333333333334,0.67,0.21739130434782608,0.3269230769230769,0.37735849056603776,0.26666666666666666,0.3050847457627119,0.2028985507246377,0.21875,0.3333333333333333
9013,linear,uniform,2,0.8766666666666667,0.7966666666666666,0.13333333333333333,0.1509433962264151,0.05555555555555555,0.19298245614035087,0.12280701754385964,0.1111111111111111,0.09259259259259259,0.08196721311475409
9013,linear,uniform,3,0.9,0.7833333333333333,0.11320754716981132,0.046153846153846156,0.14,0.1,0.01818181818181818,0.1232876712328767,0.14545454545454545,0.11475409836065574
9013,linear,difficulty,0,0.3,0.30333333333333334,0.6379310344827587,0.711864406779661,0.7857142857142857,0.6818181818181818,0.7241379310344828,0.5925925925925926,0.6571428571428571,0.7547169811320755
9013,linear,difficulty,1,0.8533333333333334,0.7933333333333333,0.08695652173913043,0.23076923076923078,0.18867924528301888,0.09333333333333334,0.1016949152542373,0.14492753623188406,0.109375,0.22807017543859648
9013,linear,difficulty,2,0.8766666666666667,0.8033333333333333,0.13333333333333333,0.1509433962264151,0.05555555555555555,0.19298245614035087,0.12280701754385964,0.1111111111111111,0.09259259259259259,0.08196721311475409
9013,linear,difficulty,3,0.9,0.7866666666666666,0.11320754716981132,0.046153846153846156,0.14,0.1,0.01818181818181818,0.1232876712328767,0.14545454545454545,0.11475409836065574
9013,linear,capability,0,0.29333333333333333,0.31,0.6551724137931034,0.711864406779661,0.7714285714285715,0.6818181818181818,0.7758620689655172,0.5925925925925926,0.7,0.7169811320754716
9013,linear,capability,1,0.8266666666666667,0.7533333333333333,0.14492753623188406,0.3076923076923077,0.22641509433962265,0.13333333333333333,0.0847457627118644,0.14492753623188406,0.109375,0.2631578947368421
9013,linear,capability,2,0.8766666666666667,0.8,0.13333333333333333,0.1509433962264151,0.05555555555555555,0.19298245614035087,0.12280701754385964,0.1111111111111111,0.09259259259259259,0.08196721311475409
9013,linear,capability,3,0.9,0.7833333333333333,0.11320754716981132,0.046153846153846156,0.14,0.1,0.01818181818181818,0.1232876712328767,0.14545454545454545,0.11475409836065574
9013,linear,family,0,0.32,0.32666666666666666,0.6379310344827587,0.7288135593220338,0.7428571428571429,0.696969696969697,0.7413793103448276,0.5925925925925926,0.6142857142857143,0.6792452830188679
9013,linear,family,1,0.7733333333333333,0.6866666666666666,0.11594202898550725,0.2692307692307692,0.2641509433962264,0.28,0.1016949152542373,0.2463768115942029,0.1875,0.3508771929824561
9013,linear,family,2,0.8666666666666667,0.7733333333333333,0.13333333333333333,0.1509433962264151,0.05555555555555555,0.21052631578947367,0.12280701754385964,0.1111111111111111,0.09259259259259259,0.11475409836065574
9013,linear,family,3,0.9,0.78,0.11320754716981132,0.046153846153846156,0.14,0.1,0.01818181818181818,0.1232876712328767,0.14545454545454545,0.11475409836065574
9013,linear,failure,0,0.31666666666666665,0.3233333333333333,0.6206896551724138,0.6610169491525424,0.7857142857142857,0.696969696969697,0.7758620689655172,0.5740740740740741,0.6428571428571429,0.660377358490566
9013,linear,failure,1,0.6766666666666666,0.6066666666666667,0.3333333333333333,0.3269230769230769,0.4339622641509434,0.29333333333333333,0.3728813559322034,0.2463768115942029,0.25,0.2982456140350877
9013,linear,failure,2,0.8666666666666667,0.7633333333333333,0.16666666666666666,0.1509433962264151,0.09259259259259259,0.21052631578947367,0.12280701754385964,0.1111111111111111,0.09259259259259259,0.08196721311475409
9013,linear,failure,3,0.9,0.7866666666666666,0.11320754716981132,0.046153846153846156,0.14,0.1,0.01818181818181818,0.1232876712328767,0.14545454545454545,0.11475409836065574
9013,linear,random_gran,0,0.2866666666666667,0.30666666666666664,0.6896551724137931,0.711864406779661,0.7428571428571429,0.7272727272727273,0.7758620689655172,0.5925925925925926,0.7,0.6981132075471698
9013,linear,random_gran,1,0.7633333333333333,0.72,0.17391304347826086,0.2692307692307692,0.20754716981132076,0.26666666666666666,0.2542372881355932,0.21739130434782608,0.234375,0.2631578947368421
9013,linear,random_gran,2,0.8766666666666667,0.7966666666666666,0.13333333333333333,0.1509433962264151,0.05555555555555555,0.19298245614035087,0.12280701754385964,0.1111111111111111,0.09259259259259259,0.08196721311475409
9013,linear,random_gran,3,0.9,0.78,0.11320754716981132,0.046153846153846156,0.14,0.1,0.01818181818181818,0.1232876712328767,0.14545454545454545,0.11475409836065574
9014,linear,uniform,0,0.30666666666666664,0.33,0.7272727272727273,0.6721311475409836,0.6901408450704225,0.6875,0.78,0.625,0.7916666666666666,0.5882352941176471
9014,linear,uniform,1,0.7533333333333333,0.7033333333333334,0.22727272727272727,0.3275862068965517,0.25862068965517243,0.21153846153846154,0.2641509433962264,0.1346153846153846,0.22535211267605634,0.28125
9014,linear,uniform,2,0.9,0.82,0.08333333333333333,0.0625,0.05084745762711865,0.07017543859649122,0.05263157894736842,0.13114754098360656,0.16363636363636364,0.08620689655172414
9014,linear,uniform,3,0.9066666666666666,0.8666666666666667,0.06666666666666667,0.1694915254237288,0.16363636363636364,0.06060606060606061,0.031746031746031744,0.03773584905660377,0.15873015873015872,0.09259259259259259
9014,linear,difficulty,0,0.30333333333333334,0.33,0.7454545454545455,0.6721311475409836,0.647887323943662,0.71875,0.78,0.6388888888888888,0.7916666666666666,0.5882352941176471
9014,linear,difficulty,1,0.8366666666666667,0.8,0.15151515151515152,0.20689655172413793,0.08620689655172414,0.2692307692307692,0.1320754716981132,0.15384615384615385,0.11267605633802817,0.15625
9014,linear,difficulty,2,0.9,0.8333333333333334,0.08333333333333333,0.0625,0.05084745762711865,0.07017543859649122,0.05263157894736842,0.13114754098360656,0.16363636363636364,0.08620689655172414
9014,linear,difficulty,3,0.9066666666666666,0.8666666666666667,0.06666666666666667,0.1694915254237288,0.16363636363636364,0.06060606060606061,0.031746031746031744,0.03773584905660377,0.15873015873015872,0.09259259259259259
9014,linear,capability,0,0.31,0.3333333333333333,0.6727272727272727,0.6557377049180327,0.7183098591549296,0.6875,0.78,0.6527777777777778,0.75,0.5882352941176471
9014,linear,capability,1,0.8133333333333334,0.7633333333333333,0.19696969696969696,0.20689655172413793,0.20689655172413793,0.21153846153846154,0.18867924528301888,0.17307692307692307,0.1267605633802817,0.15625
9014,linear,capability,2,0.9,0.8333333333333334,0.08333333333333333,0.0625,0.05084745762711865,0.07017543859649122,0.05263157894736842,0.13114754098360656,0.16363636363636364,0.08620689655172414
9014,linear,capability,3,0.9066666666666666,0.8666666666666667,0.06666666666666667,0.1694915254237288,0.16363636363636364,0.06060606060606061,0.031746031746031744,0.03773584905660377,0.15873015873015872,0.09259259259259259
9014,linear,family,0,0.30333333333333334,0.33,0.7454545454545455,0.6557377049180327,0.704225352112676,0.625,0.78,0.6805555555555556,0.7916666666666666,0.6078431372549019
9014,linear,family,1,0.72,0.68,0.3333333333333333,0.3103448275862069,0.3103448275862069,0.3269230769230769,0.22641509433962265,0.17307692307692307,0.2535211267605634,0.25
9014,linear,family,2,0.8933333333333333,0.8233333333333334,0.08333333333333333,0.0625,0.05084745762711865,0.07017543859649122,0.07017543859649122,0.14754098360655737,0.16363636363636364,0.10344827586206896
9014,linear,family,3,0.9066666666666666,0.8666666666666667,0.06666666666666667,0.1694915254237288,0.16363636363636364,0.06060606060606061,0.031746031746031744,0.03773584905660377,0.15873015873015872,0.09259259259259259
9014,linear,failure,0,0.31666666666666665,0.33666666666666667,0.6545454545454545,0.7049180327868853,0.6619718309859155,0.703125,0.76,0.625,0.7708333333333334,0.5882352941176471
9014,linear,failure,1,0.7633333333333333,0.71,0.2878787878787879,0.27586206896551724,0.1896551724137931,0.21153846153846154,0.24528301886792453,0.19230769230769232,0.18309859154929578,0.28125
9014,linear,failure,2,0.8966666666666666,0.8333333333333334,0.08333333333333333,0.0625,0.05084745762711865,0.07017543859649122,0.07017543859649122,0.13114754098360656,0.16363636363636364,0.10344827586206896
9014,linear,failure,3,0.9066666666666666,0.8666666666666667,0.06666666666666667,0.1694915254237288,0.16363636363636364,0.06060606060606061,0.031746031746031744,0.03773584905660377,0.15873015873015872,0.09259259259259259
9014,linear,random_gran,0,0.3,0.3233333333333333,0.7090909090909091,0.6557377049180327,0.6901408450704225,0.6875,0.76,0.6388888888888888,0.7916666666666666,0.6078431372549019
9014,linear,random_gran,1,0.7933333333333333,0.7433333333333333,0.2727272727272727,0.29310344827586204,0.1896551724137931,0.1346153846153846,0.1509433962264151,0.1346153846153846,0.18309859154929578,0.25
9014,linear,random_gran,2,0.9,0.8233333333333334,0.08333333333333333,0.0625,0.05084745762711865,0.07017543859649122,0.05263157894736842,0.13114754098360656,0.16363636363636364,0.08620689655172414
9014,linear,random_gran,3,0.9066666666666666,0.8666666666666667,0.06666666666666667,0.1694915254237288,0.16363636363636364,0.06060606060606061,0.031746031746031744,0.03773584905660377,0.15873015873015872,0.09259259259259259
9015,linear,uniform,0,0.2966666666666667,0.26666666666666666,0.5769230769230769,0.75,0.6440677966101694,0.6666666666666666,0.7777777777777778,0.7407407407407407,0.7894736842105263,0.6440677966101694
9015,linear,uniform,1,0.78,0.6566666666666666,0.28125,0.21052631578947367,0.2037037037037037,0.18032786885245902,0.22058823529411764,0.24444444444444444,0.234375,0.14285714285714285
9015,linear,uniform,2,0.88,0.8333333333333334,0.13636363636363635,0.07352941176470588,0.1206896551724138,0.06557377049180328,0.19642857142857142,0.13725490196078433,0.16071428571428573,0.07142857142857142
9015,linear,uniform,3,0.87,0.81,0.2711864406779661,0.15151515151515152,0.07547169811320754,0.11764705882352941,0.07692307692307693,0.07142857142857142,0.16666666666666666,0.109375
9015,linear,difficulty,0,0.30666666666666664,0.2866666666666667,0.5769230769230769,0.75,0.6440677966101694,0.6666666666666666,0.7777777777777778,0.7222222222222222,0.7543859649122807,0.6440677966101694
9015,linear,difficulty,1,0.86,0.77,0.15625,0.12280701754385964,0.16666666666666666,0.11475409836065574,0.14705882352941177,0.1111111111111111,0.109375,0.14285714285714285
9015,linear,difficulty,2,0.8866666666666667,0.8333333333333334,0.13636363636363635,0.07352941176470588,0.10344827586206896,0.06557377049180328,0.16071428571428573,0.13725490196078433,0.16071428571428573,0.07142857142857142
9015,linear,difficulty,3,0.87,0.81,0.2711864406779661,0.15151515151515152,0.07547169811320754,0.11764705882352941,0.07692307692307693,0.07142857142857142,0.16666666666666666,0.109375
9015,linear,capability,0,0.32,0.2833333333333333,0.6153846153846154,0.75,0.6610169491525424,0.6363636363636364,0.746031746031746,0.6666666666666666,0.7368421052631579,0.6610169491525424
9015,linear,capability,1,0.8433333333333334,0.7533333333333333,0.21875,0.08771929824561403,0.16666666666666666,0.16393442622950818,0.17647058823529413,0.06666666666666667,0.15625,0.15714285714285714
9015,linear,capability,2,0.8866666666666667,0.8333333333333334,0.13636363636363635,0.07352941176470588,0.10344827586206896,0.06557377049180328,0.16071428571428573,0.13725490196078433,0.16071428571428573,0.07142857142857142
9015,linear,capability,3,0.87,0.81,0.2711864406779661,0.15151515151515152,0.07547169811320754,0.11764705882352941,0.07692307692307693,0.07142857142857142,0.16666666666666666,0.109375
9015,linear,family,0,0.33,0.2966666666666667,0.5384615384615384,0.6964285714285714,0.6440677966101694,0.6515151515151515,0.7142857142857143,0.7037037037037037,0.7543859649122807,0.6610169491525424
9015,linear,family,1,0.74,0.6366666666666667,0.203125,0.24561403508771928,0.3148148148148148,0.19672131147540983,0.2647058823529412,0.24444444444444444,0.28125,0.35714285714285715
9015,linear,family,2,0.88,0.8266666666666667,0.13636363636363635,0.07352941176470588,0.1206896551724138,0.06557377049180328,0.17857142857142858,0.1568627450980392,0.17857142857142858,0.07142857142857142
9015,linear,family,3,0.87,0.81,0.2711864406779661,0.15151515151515152,0.07547169811320754,0.11764705882352941,0.07692307692307693,0.07142857142857142,0.16666666666666666,0.109375
9015,linear,failure,0,0.31,0.27666666666666667,0.5961538461538461,0.8214285714285714,0.6779661016949152,0.6363636363636364,0.7142857142857143,0.6481481481481481,0.7192982456140351,0.711864406779661
9015,linear,failure,1,0.7566666666666667,0.65,0.28125,0.3333333333333333,0.2777777777777778,0.18032786885245902,0.16176470588235295,0.24444444444444444,0.140625,0.24285714285714285
9015,linear,failure,2,0.8833333333333333,0.8333333333333334,0.13636363636363635,0.07352941176470588,0.1206896551724138,0.06557377049180328,0.17857142857142858,0.13725490196078433,0.16071428571428573,0.07142857142857142
9015,linear,failure,3,0.87,0.81,0.2711864406779661,0.15151515151515152,0.07547169811320754,0.11764705882352941,0.07692307692307693,0.07142857142857142,0.16666666666666666,0.109375
9015,linear,random_gran,0,0.32,0.2866666666666667,0.5384615384615384,0.7142857142857143,0.6779661016949152,0.6666666666666666,0.6984126984126984,0.6666666666666666,0.7894736842105263,0.6779661016949152
9015,linear,random_gran,1,0.79,0.68,0.171875,0.2807017543859649,0.2777777777777778,0.18032786885245902,0.17647058823529413,0.17777777777777778,0.21875,0.18571428571428572
9015,linear,random_gran,2,0.8833333333333333,0.8333333333333334,0.13636363636363635,0.08823529411764706,0.10344827586206896,0.06557377049180328,0.16071428571428573,0.13725490196078433,0.16071428571428573,0.07142857142857142
9015,linear,random_gran,3,0.87,0.81,0.2711864406779661,0.15151515151515152,0.07547169811320754,0.11764705882352941,0.07692307692307693,0.07142857142857142,0.16666666666666666,0.109375
9016,linear,uniform,0,0.36,0.30333333333333334,0.7457627118644068,0.6379310344827587,0.6607142857142857,0.5333333333333333,0.576271186440678,0.6825396825396826,0.6349206349206349,0.5573770491803278
9016,linear,uniform,1,0.7966666666666666,0.7533333333333333,0.11864406779661017,0.21818181818181817,0.19718309859154928,0.3018867924528302,0.13793103448275862,0.17307692307692307,0.26666666666666666,0.16666666666666666
9016,linear,uniform,2,0.8666666666666667,0.84,0.14754098360655737,0.16666666666666666,0.24561403508771928,0.13432835820895522,0.13114754098360656,0.11666666666666667,0.06666666666666667,0.11940298507462686
9016,linear,uniform,3,0.91,0.8433333333333334,0.02040816326530612,0.03773584905660377,0.1509433962264151,0.09090909090909091,0.0547945205479452,0.10344827586206896,0.16981132075471697,0.018518518518518517
9016,linear,difficulty,0,0.3333333333333333,0.26666666666666666,0.7288135593220338,0.6551724137931034,0.6428571428571429,0.5777777777777777,0.6101694915254238,0.7619047619047619,0.6825396825396826,0.5737704918032787
9016,linear,difficulty,1,0.8066666666666666,0.7633333333333333,0.15254237288135594,0.14545454545454545,0.14084507042253522,0.2641509433962264,0.20689655172413793,0.19230769230769232,0.21666666666666667,0.16666666666666666
9016,linear,difficulty,2,0.8666666666666667,0.8366666666666667,0.14754098360655737,0.16666666666666666,0.24561403508771928,0.13432835820895522,0.13114754098360656,0.11666666666666667,0.06666666666666667,0.11940298507462686
9016,linear,difficulty,3,0.91,0.8433333333333334,0.02040816326530612,0.03773584905660377,0.1509433962264151,0.09090909090909091,0.0547945205479452,0.10344827586206896,0.16981132075471697,0.018518518518518517
9016,linear,capability,0,0.36333333333333334,0.31,0.7288135593220338,0.6379310344827587,0.6607142857142857,0.5333333333333333,0.576271186440678,0.6825396825396826,0.6190476190476191,0.5737704918032787
9016,linear,capability,1,0.82,0.7666666666666667,0.06779661016949153,0.10909090909090909,0.11267605633802817,0.3018867924528302,0.22413793103448276,0.17307692307692307,0.18333333333333332,0.2222222222222222
9016,linear,capability,2,0.8666666666666667,0.84,0.14754098360655737,0.16666666666666666,0.24561403508771928,0.13432835820895522,0.13114754098360656,0.11666666666666667,0.06666666666666667,0.11940298507462686
9016,linear,capability,3,0.91,0.8433333333333334,0.02040816326530612,0.03773584905660377,0.1509433962264151,0.09090909090909091,0.0547945205479452,0.10344827586206896,0.16981132075471697,0.018518518518518517
9016,linear,family,0,0.34,0.2733333333333333,0.7288135593220338,0.6551724137931034,0.6428571428571429,0.6222222222222222,0.6101694915254238,0.746031746031746,0.6349206349206349,0.5573770491803278
9016,linear,family,1,0.7766666666666666,0.7366666666666667,0.15254237288135594,0.21818181818181817,0.15492957746478872,0.4339622641509434,0.1724137931034483,0.21153846153846154,0.25,0.16666666666666666
9016,linear,family,2,0.8666666666666667,0.8366666666666667,0.14754098360655737,0.16666666666666666,0.24561403508771928,0.13432835820895522,0.13114754098360656,0.11666666666666667,0.06666666666666667,0.11940298507462686
9016,linear,family,3,0.91,0.8433333333333334,0.02040816326530612,0.03773584905660377,0.1509433962264151,0.09090909090909091,0.0547945205479452,0.10344827586206896,0.16981132075471697,0.018518518518518517
9016,linear,failure,0,0.31666666666666665,0.2633333333333333,0.7966101694915254,0.6206896551724138,0.6428571428571429,0.6444444444444445,0.576271186440678,0.7619047619047619,0.6984126984126984,0.639344262295082
9016,linear,failure,1,0.7,0.6466666666666666,0.4406779661016949,0.2727272727272727,0.19718309859154928,0.39622641509433965,0.25862068965517243,0.21153846153846154,0.26666666666666666,0.24074074074074073
9016,linear,failure,2,0.8566666666666667,0.8333333333333334,0.18032786885245902,0.18518518518518517,0.24561403508771928,0.14925373134328357,0.14754098360655737,0.11666666666666667,0.08888888888888889,0.11940298507462686
9016,linear,failure,3,0.91,0.8433333333333334,0.02040816326530612,0.03773584905660377,0.1509433962264151,0.09090909090909091,0.0547945205479452,0.10344827586206896,0.16981132075471697,0.018518518518518517
9016,linear,random_gran,0,0.3566666666666667,0.28,0.7288135593220338,0.6551724137931034,0.625,0.5555555555555556,0.5932203389830508,0.7142857142857143,0.6349206349206349,0.5573770491803278
9016,linear,random_gran,1,0.77,0.73,0.13559322033898305,0.18181818181818182,0.22535211267605634,0.39622641509433965,0.22413793103448276,0.21153846153846154,0.2833333333333333,0.16666666666666666
9016,linear,random_gran,2,0.8666666666666667,0.8366666666666667,0.14754098360655737,0.16666666666666666,0.24561403508771928,0.13432835820895522,0.13114754098360656,0.11666666666666667,0.06666666666666667,0.11940298507462686
9016,linear,random_gran,3,0.91,0.8433333333333334,0.02040816326530612,0.03773584905660377,0.1509433962264151,0.09090909090909091,0.0547945205479452,0.10344827586206896,0.16981132075471697,0.018518518518518517
9017,linear,uniform,0,0.28,0.26,0.6615384615384615,0.6029411764705882,0.7142857142857143,0.7627118644067796,0.8524590163934426,0.7659574468085106,0.7358490566037735,0.7962962962962963
9017,linear,uniform,1,0.7666666666666667,0.7,0.2033898305084746,0.17647058823529413,0.24285714285714285,0.13793103448275862,0.3333333333333333,0.28169014084507044,0.23529411764705882,0.1694915254237288
9017,linear,uniform,2,0.87,0.7933333333333333,0.15254237288135594,0.10606060606060606,0.1,0.09259259259259259,0.20689655172413793,0.14814814814814814,0.08928571428571429,0.10810810810810811
9017,linear,uniform,3,0.8566666666666667,0.83,0.13333333333333333,0.14814814814814814,0.09090909090909091,0.13559322033898305,0.25,0.1509433962264151,0.09615384615384616,0.12903225806451613
9017,linear,difficulty,0,0.27,0.26,0.6923076923076923,0.6323529411764706,0.7321428571428571,0.7627118644067796,0.8524590163934426,0.7872340425531915,0.7547169811320755,0.7592592592592593
9017,linear,difficulty,1,0.82,0.7966666666666666,0.1864406779661017,0.1323529411764706,0.15714285714285714,0.10344827586206896,0.2549019607843137,0.18309859154929578,0.19607843137254902,0.1694915254237288
9017,linear,difficulty,2,0.87,0.7933333333333333,0.15254237288135594,0.10606060606060606,0.1,0.09259259259259259,0.20689655172413793,0.14814814814814814,0.08928571428571429,0.10810810810810811
9017,linear,difficulty,3,0.8566666666666667,0.83,0.13333333333333333,0.14814814814814814,0.09090909090909091,0.13559322033898305,0.25,0.1509433962264151,0.09615384615384616,0.12903225806451613
9017,linear,capability,0,0.26666666666666666,0.2633333333333333,0.7076923076923077,0.7058823529411765,0.7321428571428571,0.7627118644067796,0.8032786885245902,0.7446808510638298,0.7547169811320755,0.7777777777777778
9017,linear,capability,1,0.8,0.7633333333333333,0.1694915254237288,0.14705882352941177,0.14285714285714285,0.10344827586206896,0.3137254901960784,0.23943661971830985,0.19607843137254902,0.1864406779661017
9017,linear,capability,2,0.87,0.7933333333333333,0.15254237288135594,0.10606060606060606,0.1,0.09259259259259259,0.20689655172413793,0.14814814814814814,0.08928571428571429,0.10810810810810811
9017,linear,capability,3,0.8566666666666667,0.8333333333333334,0.13333333333333333,0.14814814814814814,0.09090909090909091,0.13559322033898305,0.25,0.1509433962264151,0.09615384615384616,0.12903225806451613
9017,linear,family,0,0.2733333333333333,0.2633333333333333,0.7076923076923077,0.7058823529411765,0.6964285714285714,0.7796610169491526,0.7868852459016393,0.7659574468085106,0.7547169811320755,0.7592592592592593
9017,linear,family,1,0.72,0.6533333333333333,0.3389830508474576,0.3382352941176471,0.24285714285714285,0.15517241379310345,0.2549019607843137,0.2112676056338028,0.35294117647058826,0.2542372881355932
9017,linear,family,2,0.87,0.7933333333333333,0.15254237288135594,0.10606060606060606,0.1,0.09259259259259259,0.20689655172413793,0.14814814814814814,0.08928571428571429,0.10810810810810811
9017,linear,family,3,0.8566666666666667,0.8266666666666667,0.13333333333333333,0.14814814814814814,0.09090909090909091,0.13559322033898305,0.25,0.1509433962264151,0.09615384615384616,0.12903225806451613
9017,linear,failure,0,0.27666666666666667,0.26666666666666666,0.7076923076923077,0.6764705882352942,0.7321428571428571,0.711864406779661,0.7868852459016393,0.7446808510638298,0.7547169811320755,0.7962962962962963
9017,linear,failure,1,0.7366666666666667,0.6833333333333333,0.22033898305084745,0.25,0.2,0.20689655172413793,0.43137254901960786,0.2676056338028169,0.23529411764705882,0.1864406779661017
9017,linear,failure,2,0.8633333333333333,0.7833333333333333,0.15254237288135594,0.10606060606060606,0.1,0.09259259259259259,0.22413793103448276,0.14814814814814814,0.10714285714285714,0.10810810810810811
9017,linear,failure,3,0.8566666666666667,0.8266666666666667,0.13333333333333333,0.14814814814814814,0.09090909090909091,0.13559322033898305,0.25,0.1509433962264151,0.09615384615384616,0.12903225806451613
9017,linear,random_gran,0,0.3,0.28,0.6923076923076923,0.6470588235294118,0.6964285714285714,0.7288135593220338,0.6885245901639344,0.7446808510638298,0.7358490566037735,0.8148148148148148
9017,linear,random_gran,1,0.7833333333333333,0.7266666666666667,0.1864406779661017,0.1323529411764706,0.24285714285714285,0.1206896551724138,0.29411764705882354,0.23943661971830985,0.2549019607843137,0.1694915254237288
9017,linear,random_gran,2,0.87,0.7933333333333333,0.15254237288135594,0.10606060606060606,0.1,0.09259259259259259,0.20689655172413793,0.14814814814814814,0.08928571428571429,0.10810810810810811
9017,linear,random_gran,3,0.8566666666666667,0.8333333333333334,0.13333333333333333,0.14814814814814814,0.09090909090909091,0.13559322033898305,0.25,0.1509433962264151,0.09615384615384616,0.12903225806451613
9018,linear,uniform,0,0.32,0.24333333333333335,0.7164179104477612,0.7192982456140351,0.6666666666666666,0.6428571428571429,0.6206896551724138,0.5789473684210527,0.6891891891891891,0.76
9018,linear,uniform,1,0.7233333333333334,0.71,0.2222222222222222,0.31343283582089554,0.2909090909090909,0.35714285714285715,0.2727272727272727,0.20270270270270271,0.2558139534883721,0.3275862068965517
9018,linear,uniform,2,0.8466666666666667,0.8466666666666667,0.17857142857142858,0.13725490196078433,0.20967741935483872,0.16129032258064516,0.15384615384615385,0.047619047619047616,0.10526315789473684,0.18032786885245902
9018,linear,uniform,3,0.88,0.82,0.12698412698412698,0.09836065573770492,0.15,0.10294117647058823,0.16393442622950818,0.11666666666666667,0.1016949152542373,0.05263157894736842
9018,linear,difficulty,0,0.3433333333333333,0.2633333333333333,0.7313432835820896,0.6842105263157895,0.6349206349206349,0.6428571428571429,0.603448275862069,0.543859649122807,0.6621621621621622,0.66
9018,linear,difficulty,1,0.7766666666666666,0.79,0.20634920634920634,0.1791044776119403,0.2,0.26785714285714285,0.21818181818181817,0.22972972972972974,0.3023255813953488,0.20689655172413793
9018,linear,difficulty,2,0.85,0.8633333333333333,0.17857142857142858,0.11764705882352941,0.20967741935483872,0.16129032258064516,0.15384615384615385,0.047619047619047616,0.10526315789473684,0.16393442622950818
9018,linear,difficulty,3,0.88,0.82,0.12698412698412698,0.09836065573770492,0.15,0.10294117647058823,0.16393442622950818,0.11666666666666667,0.1016949152542373,0.05263157894736842
9018,linear,capability,0,0.36,0.2833333333333333,0.7014925373134329,0.7543859649122807,0.6666666666666666,0.5892857142857143,0.5517241379310345,0.5263157894736842,0.6351351351351351,0.66
9018,linear,capability,1,0.7566666666666667,0.7633333333333333,0.2222222222222222,0.22388059701492538,0.2545454545454545,0.30357142857142855,0.23636363636363636,0.25675675675675674,0.2558139534883721,0.1896551724137931
9018,linear,capability,2,0.85,0.8633333333333333,0.17857142857142858,0.11764705882352941,0.20967741935483872,0.16129032258064516,0.15384615384615385,0.047619047619047616,0.10526315789473684,0.16393442622950818
9018,linear,capability,3,0.88,0.82,0.12698412698412698,0.09836065573770492,0.15,0.10294117647058823,0.16393442622950818,0.11666666666666667,0.1016949152542373,0.05263157894736842
9018,linear,family,0,0.34,0.25666666666666665,0.7313432835820896,0.7017543859649122,0.6666666666666666,0.6607142857142857,0.5517241379310345,0.5789473684210527,0.6756756756756757,0.66
9018,linear,family,1,0.69,0.7133333333333334,0.3492063492063492,0.29850746268656714,0.2727272727272727,0.375,0.2909090909090909,0.28378378378378377,0.3488372093023256,0.25862068965517243
9018,linear,family,2,0.8366666666666667,0.8533333333333334,0.19642857142857142,0.1568627450980392,0.20967741935483872,0.16129032258064516,0.17307692307692307,0.047619047619047616,0.12280701754385964,0.16393442622950818
9018,linear,family,3,0.87,0.8166666666666667,0.12698412698412698,0.14754098360655737,0.15,0.11764705882352941,0.16393442622950818,0.11666666666666667,0.1016949152542373,0.05263157894736842
9018,linear,failure,0,0.3433333333333333,0.27,0.6865671641791045,0.7894736842105263,0.6825396825396826,0.5892857142857143,0.5862068965517241,0.5789473684210527,0.6756756756756757,0.64
9018,linear,failure,1,0.69,0.7066666666666667,0.3333333333333333,0.34328358208955223,0.2,0.30357142857142855,0.4,0.32432432432432434,0.27906976744186046,0.29310344827586204
9018,linear,failure,2,0.84,0.85,0.17857142857142858,0.1568627450980392,0.20967741935483872,0.16129032258064516,0.17307692307692307,0.047619047619047616,0.10526315789473684,0.16393442622950818
9018,linear,failure,3,0.88,0.82,0.12698412698412698,0.09836065573770492,0.15,0.10294117647058823,0.16393442622950818,0.11666666666666667,0.1016949152542373,0.05263157894736842
9018,linear,random_gran,0,0.33666666666666667,0.25666666666666665,0.746268656716418,0.7543859649122807,0.6984126984126984,0.5892857142857143,0.5862068965517241,0.5789473684210527,0.6891891891891891,0.66
9018,linear,random_gran,1,0.7133333333333334,0.72,0.3333333333333333,0.23880597014925373,0.2727272727272727,0.30357142857142855,0.2727272727272727,0.2972972972972973,0.37209302325581395,0.2413793103448276
9018,linear,random_gran,2,0.8466666666666667,0.86,0.19642857142857142,0.11764705882352941,0.20967741935483872,0.16129032258064516,0.15384615384615385,0.047619047619047616,0.12280701754385964,0.16393442622950818
9018,linear,random_gran,3,0.88,0.82,0.12698412698412698,0.09836065573770492,0.15,0.10294117647058823,0.16393442622950818,0.11666666666666667,0.1016949152542373,0.05263157894736842
9019,linear,uniform,0,0.3566666666666667,0.31666666666666665,0.5892857142857143,0.6818181818181818,0.8,0.6730769230769231,0.5,0.6333333333333333,0.6164383561643836,0.7192982456140351
9019,linear,uniform,1,0.75,0.7266666666666667,0.23728813559322035,0.22413793103448276,0.36538461538461536,0.18461538461538463,0.18333333333333332,0.26666666666666666,0.3333333333333333,0.28125
9019,linear,uniform,2,0.8766666666666667,0.81,0.09836065573770492,0.12962962962962962,0.08,0.1095890410958904,0.15873015873015872,0.18181818181818182,0.13559322033898305,0.06779661016949153
9019,linear,uniform,3,0.89,0.8266666666666667,0.08771929824561403,0.14545454545454545,0.06557377049180328,0.07547169811320754,0.16883116883116883,0.10714285714285714,0.0784313725490196,0.07272727272727272
9019,linear,difficulty,0,0.36666666666666664,0.31333333333333335,0.6071428571428571,0.6363636363636364,0.7636363636363637,0.5961538461538461,0.5172413793103449,0.65,0.6438356164383562,0.7017543859649122
9019,linear,difficulty,1,0.82,0.8166666666666667,0.23728813559322035,0.08620689655172414,0.2692307692307692,0.15384615384615385,0.15,0.23333333333333334,0.15,0.1875
9019,linear,difficulty,2,0.8766666666666667,0.81,0.09836065573770492,0.12962962962962962,0.08,0.1095890410958904,0.15873015873015872,0.18181818181818182,0.13559322033898305,0.06779661016949153
9019,linear,difficulty,3,0.89,0.8266666666666667,0.08771929824561403,0.14545454545454545,0.06557377049180328,0.07547169811320754,0.16883116883116883,0.10714285714285714,0.0784313725490196,0.07272727272727272
9019,linear,capability,0,0.3433333333333333,0.31333333333333335,0.6071428571428571,0.6818181818181818,0.7272727272727273,0.6538461538461539,0.603448275862069,0.65,0.6712328767123288,0.7192982456140351
9019,linear,capability,1,0.8066666666666666,0.7866666666666666,0.1694915254237288,0.15517241379310345,0.25,0.13846153846153847,0.18333333333333332,0.26666666666666666,0.2,0.21875
9019,linear,capability,2,0.8733333333333333,0.8033333333333333,0.09836065573770492,0.14814814814814814,0.08,0.1232876712328767,0.15873015873015872,0.18181818181818182,0.13559322033898305,0.0847457627118644
9019,linear,capability,3,0.89,0.8266666666666667,0.08771929824561403,0.14545454545454545,0.06557377049180328,0.07547169811320754,0.16883116883116883,0.10714285714285714,0.0784313725490196,0.07272727272727272
9019,linear,family,0,0.37,0.31,0.625,0.6363636363636364,0.7454545454545455,0.6153846153846154,0.5344827586206896,0.6166666666666667,0.6438356164383562,0.7017543859649122
9019,linear,family,1,0.73,0.7266666666666667,0.2711864406779661,0.1896551724137931,0.3269230769230769,0.2,0.25,0.36666666666666664,0.3,0.28125
9019,linear,family,2,0.8766666666666667,0.8066666666666666,0.09836065573770492,0.12962962962962962,0.08,0.1095890410958904,0.15873015873015872,0.18181818181818182,0.13559322033898305,0.06779661016949153
9019,linear,family,3,0.89,0.8266666666666667,0.08771929824561403,0.14545454545454545,0.06557377049180328,0.07547169811320754,0.16883116883116883,0.10714285714285714,0.0784313725490196,0.07272727272727272
9019,linear,failure,0,0.33666666666666667,0.2866666666666667,0.6071428571428571,0.7121212121212122,0.7818181818181819,0.7307692307692307,0.5172413793103449,0.6666666666666666,0.6575342465753424,0.7192982456140351
9019,linear,failure,1,0.7,0.6933333333333334,0.3220338983050847,0.2413793103448276,0.46153846153846156,0.3076923076923077,0.21666666666666667,0.35,0.3333333333333333,0.3125
9019,linear,failure,2,0.8733333333333333,0.7966666666666666,0.09836065573770492,0.14814814814814814,0.08,0.1232876712328767,0.15873015873015872,0.18181818181818182,0.13559322033898305,0.0847457627118644
9019,linear,failure,3,0.89,0.8233333333333334,0.08771929824561403,0.14545454545454545,0.06557377049180328,0.07547169811320754,0.16883116883116883,0.10714285714285714,0.0784313725490196,0.07272727272727272
9019,linear,random_gran,0,0.35333333333333333,0.3,0.6071428571428571,0.6363636363636364,0.7454545454545455,0.5769230769230769,0.603448275862069,0.6833333333333333,0.6575342465753424,0.7192982456140351
9019,linear,random_gran,1,0.7166666666666667,0.7233333333333334,0.2542372881355932,0.22413793103448276,0.34615384615384615,0.13846153846153847,0.31666666666666665,0.4166666666666667,0.26666666666666666,0.328125
9019,linear,random_gran,2,0.8733333333333333,0.8066666666666666,0.09836065573770492,0.14814814814814814,0.08,0.1232876712328767,0.15873015873015872,0.18181818181818182,0.13559322033898305,0.0847457627118644
9019,linear,random_gran,3,0.89,0.8266666666666667,0.08771929824561403,0.14545454545454545,0.06557377049180328,0.07547169811320754,0.16883116883116883,0.10714285714285714,0.0784313725490196,0.07272727272727272
9020,linear,uniform,0,0.29333333333333333,0.28,0.717391304347826,0.6956521739130435,0.6461538461538462,0.7636363636363637,0.59375,0.6779661016949152,0.6935483870967742,0.7258064516129032
9020,linear,uniform,1,0.8033333333333333,0.6533333333333333,0.20689655172413793,0.1320754716981132,0.12307692307692308,0.24285714285714285,0.15384615384615385,0.2413793103448276,0.2033898305084746,0.2653061224489796
9020,linear,uniform,2,0.8966666666666666,0.82,0.08450704225352113,0.109375,0.12121212121212122,0.09803921568627451,0.125,0.1568627450980392,0.07575757575757576,0.0847457627118644
9020,linear,uniform,3,0.8733333333333333,0.85,0.1111111111111111,0.13636363636363635,0.1896551724137931,0.17647058823529413,0.1111111111111111,0.09523809523809523,0.12,0.08620689655172414
9020,linear,difficulty,0,0.29333333333333333,0.29,0.717391304347826,0.6956521739130435,0.6615384615384615,0.7454545454545455,0.59375,0.6440677966101694,0.6935483870967742,0.7580645161290323
9020,linear,difficulty,1,0.8466666666666667,0.72,0.1896551724137931,0.07547169811320754,0.12307692307692308,0.14285714285714285,0.09615384615384616,0.1896551724137931,0.1864406779661017,0.1836734693877551
9020,linear,difficulty,2,0.8966666666666666,0.82,0.08450704225352113,0.109375,0.12121212121212122,0.09803921568627451,0.125,0.1568627450980392,0.07575757575757576,0.0847457627118644
9020,linear,difficulty,3,0.88,0.85,0.1111111111111111,0.12121212121212122,0.1724137931034483,0.1568627450980392,0.09523809523809523,0.09523809523809523,0.12,0.08620689655172414
9020,linear,capability,0,0.32666666666666666,0.30333333333333334,0.6521739130434783,0.6666666666666666,0.6461538461538462,0.6909090909090909,0.625,0.6440677966101694,0.6129032258064516,0.7096774193548387
9020,linear,capability,1,0.85,0.74,0.1896551724137931,0.09433962264150944,0.1076923076923077,0.14285714285714285,0.09615384615384616,0.1724137931034483,0.1694915254237288,0.20408163265306123
9020,linear,capability,2,0.8966666666666666,0.82,0.08450704225352113,0.109375,0.12121212121212122,0.09803921568627451,0.125,0.1568627450980392,0.07575757575757576,0.0847457627118644
9020,linear,capability,3,0.8766666666666667,0.85,0.1111111111111111,0.13636363636363635,0.1896551724137931,0.1568627450980392,0.09523809523809523,0.09523809523809523,0.12,0.08620689655172414
9020,linear,family,0,0.30333333333333334,0.2833333333333333,0.6304347826086957,0.6811594202898551,0.6307692307692307,0.7090909090909091,0.609375,0.6610169491525424,0.7258064516129032,0.7419354838709677
9020,linear,family,1,0.7133333333333334,0.5866666666666667,0.2413793103448276,0.18867924528301888,0.4153846153846154,0.2857142857142857,0.2692307692307692,0.25862068965517243,0.23728813559322035,0.32653061224489793
9020,linear,family,2,0.8866666666666667,0.8133333333333334,0.08450704225352113,0.125,0.16666666666666666,0.09803921568627451,0.125,0.1568627450980392,0.09090909090909091,0.1016949152542373
9020,linear,family,3,0.8733333333333333,0.85,0.1111111111111111,0.13636363636363635,0.1896551724137931,0.17647058823529413,0.1111111111111111,0.09523809523809523,0.12,0.08620689655172414
9020,linear,failure,0,0.27666666666666667,0.2833333333333333,0.7391304347826086,0.6956521739130435,0.6923076923076923,0.7090909090909091,0.65625,0.6440677966101694,0.7419354838709677,0.7903225806451613
9020,linear,failure,1,0.71,0.5933333333333334,0.43103448275862066,0.32075471698113206,0.18461538461538463,0.3142857142857143,0.23076923076923078,0.20689655172413793,0.3220338983050847,0.42857142857142855
9020,linear,failure,2,0.8766666666666667,0.7966666666666666,0.1267605633802817,0.15625,0.13636363636363635,0.11764705882352941,0.14583333333333334,0.1568627450980392,0.10606060606060606,0.0847457627118644
9020,linear,failure,3,0.87,0.85,0.1111111111111111,0.15151515151515152,0.1896551724137931,0.17647058823529413,0.1111111111111111,0.1111111111111111,0.12,0.08620689655172414
9020,linear,random_gran,0,0.3,0.2966666666666667,0.6956521739130435,0.7391304347826086,0.6307692307692307,0.6727272727272727,0.609375,0.6440677966101694,0.7096774193548387,0.7258064516129032
9020,linear,random_gran,1,0.8266666666666667,0.6533333333333333,0.13793103448275862,0.09433962264150944,0.16923076923076924,0.17142857142857143,0.15384615384615385,0.25862068965517243,0.22033898305084745,0.22448979591836735
9020,linear,random_gran,2,0.8966666666666666,0.82,0.08450704225352113,0.109375,0.12121212121212122,0.09803921568627451,0.125,0.1568627450980392,0.07575757575757576,0.0847457627118644
9020,linear,random_gran,3,0.87,0.85,0.12962962962962962,0.13636363636363635,0.1896551724137931,0.17647058823529413,0.12698412698412698,0.09523809523809523,0.12,0.08620689655172414
9001,nonlinear,uniform,0,0.3466666666666667,0.24666666666666667,0.6440677966101694,0.5769230769230769,0.6875,0.59375,0.7241379310344828,0.603448275862069,0.65625,0.6666666666666666
9001,nonlinear,uniform,1,0.82,0.7366666666666667,0.13333333333333333,0.13846153846153847,0.1746031746031746,0.18032786885245902,0.16216216216216217,0.14545454545454545,0.16,0.23255813953488372
9001,nonlinear,uniform,2,0.86,0.8433333333333334,0.14754098360655737,0.06779661016949153,0.11320754716981132,0.0967741935483871,0.2,0.11538461538461539,0.13559322033898305,0.12962962962962962
9001,nonlinear,uniform,3,0.8533333333333334,0.85,0.20634920634920634,0.06666666666666667,0.20634920634920634,0.21568627450980393,0.07407407407407407,0.13725490196078433,0.11475409836065574,0.12698412698412698
9001,nonlinear,difficulty,0,0.33666666666666667,0.24,0.6440677966101694,0.6153846153846154,0.6666666666666666,0.640625,0.7241379310344828,0.6379310344827587,0.65625,0.6818181818181818
9001,nonlinear,difficulty,1,0.91,0.7966666666666666,0.08333333333333333,0.09230769230769231,0.09523809523809523,0.04918032786885246,0.08108108108108109,0.09090909090909091,0.02,0.16279069767441862
9001,nonlinear,difficulty,2,0.8633333333333333,0.8466666666666667,0.14754098360655737,0.06779661016949153,0.11320754716981132,0.08064516129032258,0.2,0.11538461538461539,0.13559322033898305,0.12962962962962962
9001,nonlinear,difficulty,3,0.86,0.8533333333333334,0.20634920634920634,0.05,0.1746031746031746,0.21568627450980393,0.07407407407407407,0.13725490196078433,0.11475409836065574,0.1111111111111111
9001,nonlinear,capability,0,0.3466666666666667,0.2633333333333333,0.6440677966101694,0.6153846153846154,0.6666666666666666,0.59375,0.7241379310344828,0.5862068965517241,0.65625,0.6666666666666666
9001,nonlinear,capability,1,0.8366666666666667,0.7533333333333333,0.15,0.13846153846153847,0.15873015873015872,0.04918032786885246,0.20270270270270271,0.10909090909090909,0.2,0.18604651162790697
9001,nonlinear,capability,2,0.8633333333333333,0.8466666666666667,0.14754098360655737,0.06779661016949153,0.11320754716981132,0.08064516129032258,0.2,0.11538461538461539,0.13559322033898305,0.12962962962962962
9001,nonlinear,capability,3,0.8566666666666667,0.8533333333333334,0.20634920634920634,0.06666666666666667,0.19047619047619047,0.21568627450980393,0.07407407407407407,0.13725490196078433,0.11475409836065574,0.1111111111111111
9001,nonlinear,family,0,0.3466666666666667,0.25,0.6949152542372882,0.5769230769230769,0.6875,0.59375,0.7413793103448276,0.5862068965517241,0.671875,0.6515151515151515
9001,nonlinear,family,1,0.7733333333333333,0.69,0.2833333333333333,0.18461538461538463,0.2222222222222222,0.16393442622950818,0.25675675675675674,0.14545454545454545,0.22,0.18604651162790697
9001,nonlinear,family,2,0.86,0.8433333333333334,0.14754098360655737,0.06779661016949153,0.11320754716981132,0.0967741935483871,0.2,0.11538461538461539,0.13559322033898305,0.12962962962962962
9001,nonlinear,family,3,0.8533333333333334,0.85,0.20634920634920634,0.06666666666666667,0.20634920634920634,0.21568627450980393,0.07407407407407407,0.13725490196078433,0.11475409836065574,0.12698412698412698
9001,nonlinear,failure,0,0.33666666666666667,0.25,0.711864406779661,0.5769230769230769,0.7291666666666666,0.59375,0.7413793103448276,0.603448275862069,0.671875,0.6515151515151515
9001,nonlinear,failure,1,0.7333333333333333,0.67,0.31666666666666665,0.1076923076923077,0.20634920634920634,0.22950819672131148,0.28378378378378377,0.21818181818181817,0.32,0.3488372093023256
9001,nonlinear,failure,2,0.8566666666666667,0.8166666666666667,0.14754098360655737,0.06779661016949153,0.11320754716981132,0.08064516129032258,0.2,0.11538461538461539,0.1694915254237288,0.12962962962962962
9001,nonlinear,failure,3,0.8533333333333334,0.85,0.20634920634920634,0.06666666666666667,0.20634920634920634,0.21568627450980393,0.07407407407407407,0.13725490196078433,0.11475409836065574,0.12698412698412698
9001,nonlinear,random_gran,0,0.32666666666666666,0.25666666666666665,0.711864406779661,0.5769230769230769,0.75,0.625,0.7241379310344828,0.6379310344827587,0.671875,0.6666666666666666
9001,nonlinear,random_gran,1,0.7666666666666667,0.6933333333333334,0.3,0.18461538461538463,0.2222222222222222,0.21311475409836064,0.1891891891891892,0.16363636363636364,0.2,0.32558139534883723
9001,nonlinear,random_gran,2,0.86,0.84,0.14754098360655737,0.06779661016949153,0.11320754716981132,0.08064516129032258,0.2,0.11538461538461539,0.15254237288135594,0.12962962962962962
9001,nonlinear,random_gran,3,0.8533333333333334,0.85,0.20634920634920634,0.06666666666666667,0.20634920634920634,0.21568627450980393,0.07407407407407407,0.13725490196078433,0.11475409836065574,0.12698412698412698
9002,nonlinear,uniform,0,0.35333333333333333,0.29,0.660377358490566,0.6792452830188679,0.64,0.6727272727272727,0.6792452830188679,0.6031746031746031,0.5932203389830508,0.6621621621621622
9002,nonlinear,uniform,1,0.8133333333333334,0.7666666666666667,0.2,0.25,0.0851063829787234,0.19696969696969696,0.08620689655172414,0.20967741935483872,0.15151515151515152,0.18181818181818182
9002,nonlinear,uniform,2,0.8566666666666667,0.8466666666666667,0.10909090909090909,0.11320754716981132,0.18181818181818182,0.16363636363636364,0.19047619047619047,0.0945945945945946,0.11267605633802817,0.17307692307692307
9002,nonlinear,uniform,3,0.87,0.8466666666666667,0.09523809523809523,0.07462686567164178,0.14814814814814814,0.13846153846153847,0.07692307692307693,0.11666666666666667,0.16666666666666666,0.0851063829787234
9002,nonlinear,difficulty,0,0.3233333333333333,0.28,0.6415094339622641,0.7358490566037735,0.6,0.8,0.6981132075471698,0.6031746031746031,0.6101694915254238,0.6891891891891891
9002,nonlinear,difficulty,1,0.85,0.8033333333333333,0.18461538461538463,0.20454545454545456,0.06382978723404255,0.19696969696969696,0.08620689655172414,0.14516129032258066,0.09090909090909091,0.13636363636363635
9002,nonlinear,difficulty,2,0.8566666666666667,0.8533333333333334,0.10909090909090909,0.11320754716981132,0.18181818181818182,0.16363636363636364,0.19047619047619047,0.0945945945945946,0.11267605633802817,0.17307692307692307
9002,nonlinear,difficulty,3,0.8733333333333333,0.8566666666666667,0.09523809523809523,0.07462686567164178,0.14814814814814814,0.13846153846153847,0.057692307692307696,0.11666666666666667,0.15151515151515152,0.0851063829787234
9002,nonlinear,capability,0,0.31,0.2866666666666667,0.6226415094339622,0.7169811320754716,0.68,0.7818181818181819,0.6792452830188679,0.6507936507936508,0.6779661016949152,0.6891891891891891
9002,nonlinear,capability,1,0.84,0.7866666666666666,0.12307692307692308,0.25,0.0851063829787234,0.16666666666666666,0.08620689655172414,0.1774193548387097,0.10606060606060606,0.19696969696969696
9002,nonlinear,capability,2,0.8566666666666667,0.8533333333333334,0.10909090909090909,0.11320754716981132,0.18181818181818182,0.16363636363636364,0.19047619047619047,0.0945945945945946,0.11267605633802817,0.17307692307692307
9002,nonlinear,capability,3,0.8733333333333333,0.8566666666666667,0.09523809523809523,0.07462686567164178,0.14814814814814814,0.13846153846153847,0.057692307692307696,0.11666666666666667,0.15151515151515152,0.0851063829787234
9002,nonlinear,family,0,0.3333333333333333,0.2833333333333333,0.6415094339622641,0.7169811320754716,0.62,0.6545454545454545,0.6981132075471698,0.6190476190476191,0.6779661016949152,0.6891891891891891
9002,nonlinear,family,1,0.7733333333333333,0.7,0.23076923076923078,0.3409090909090909,0.0851063829787234,0.19696969696969696,0.10344827586206896,0.1935483870967742,0.25757575757575757,0.30303030303030304
9002,nonlinear,family,2,0.8333333333333334,0.8433333333333334,0.10909090909090909,0.11320754716981132,0.19696969696969696,0.16363636363636364,0.21428571428571427,0.0945945945945946,0.16901408450704225,0.25
9002,nonlinear,family,3,0.8733333333333333,0.8566666666666667,0.09523809523809523,0.07462686567164178,0.14814814814814814,0.13846153846153847,0.057692307692307696,0.11666666666666667,0.15151515151515152,0.0851063829787234
9002,nonlinear,failure,0,0.3333333333333333,0.3,0.6415094339622641,0.7169811320754716,0.62,0.6727272727272727,0.6981132075471698,0.6349206349206349,0.6779661016949152,0.6621621621621622
9002,nonlinear,failure,1,0.75,0.6833333333333333,0.18461538461538463,0.4090909090909091,0.0851063829787234,0.16666666666666666,0.3793103448275862,0.22580645161290322,0.24242424242424243,0.22727272727272727
9002,nonlinear,failure,2,0.83,0.8333333333333334,0.10909090909090909,0.1320754716981132,0.19696969696969696,0.16363636363636364,0.21428571428571427,0.0945945945945946,0.16901408450704225,0.25
9002,nonlinear,failure,3,0.8733333333333333,0.8566666666666667,0.09523809523809523,0.07462686567164178,0.14814814814814814,0.13846153846153847,0.057692307692307696,0.11666666666666667,0.15151515151515152,0.0851063829787234
9002,nonlinear,random_gran,0,0.3233333333333333,0.28,0.660377358490566,0.7169811320754716,0.64,0.7272727272727273,0.6792452830188679,0.6507936507936508,0.6779661016949152,0.6486486486486487
9002,nonlinear,random_gran,1,0.7733333333333333,0.73,0.2153846153846154,0.25,0.10638297872340426,0.21212121212121213,0.13793103448275862,0.3387096774193548,0.19696969696969696,0.19696969696969696
9002,nonlinear,random_gran,2,0.8566666666666667,0.8533333333333334,0.10909090909090909,0.11320754716981132,0.18181818181818182,0.16363636363636364,0.19047619047619047,0.0945945945945946,0.11267605633802817,0.17307692307692307
9002,nonlinear,random_gran,3,0.8733333333333333,0.8566666666666667,0.09523809523809523,0.07462686567164178,0.14814814814814814,0.13846153846153847,0.057692307692307696,0.11666666666666667,0.15151515151515152,0.0851063829787234
9003,nonlinear,uniform,0,0.2833333333333333,0.26,0.5957446808510638,0.5740740740740741,0.75,0.7301587301587301,0.734375,0.5283018867924528,0.7719298245614035,0.7719298245614035
9003,nonlinear,uniform,1,0.77,0.7533333333333333,0.21052631578947367,0.22727272727272727,0.21212121212121213,0.22807017543859648,0.11320754716981132,0.19298245614035087,0.3380281690140845,0.19047619047619047
9003,nonlinear,uniform,2,0.8533333333333334,0.8566666666666667,0.17307692307692307,0.15254237288135594,0.15625,0.15151515151515152,0.17307692307692307,0.11538461538461539,0.2,0.10344827586206896
9003,nonlinear,uniform,3,0.8566666666666667,0.8766666666666667,0.16666666666666666,0.125,0.07017543859649122,0.11764705882352941,0.14,0.08771929824561403,0.1724137931034483,0.15942028985507245
9003,nonlinear,difficulty,0,0.29,0.26666666666666666,0.5531914893617021,0.6111111111111112,0.6666666666666666,0.7619047619047619,0.71875,0.5471698113207547,0.8245614035087719,0.7543859649122807
9003,nonlinear,difficulty,1,0.8766666666666667,0.8466666666666667,0.08771929824561403,0.13636363636363635,0.10606060606060606,0.12280701754385964,0.07547169811320754,0.15789473684210525,0.1267605633802817,0.19047619047619047
9003,nonlinear,difficulty,2,0.8533333333333334,0.8566666666666667,0.17307692307692307,0.15254237288135594,0.15625,0.15151515151515152,0.17307692307692307,0.11538461538461539,0.2,0.10344827586206896
9003,nonlinear,difficulty,3,0.8566666666666667,0.8766666666666667,0.16666666666666666,0.125,0.07017543859649122,0.11764705882352941,0.14,0.08771929824561403,0.1724137931034483,0.15942028985507245
9003,nonlinear,capability,0,0.26,0.25,0.6595744680851063,0.7222222222222222,0.7333333333333333,0.746031746031746,0.703125,0.6037735849056604,0.8070175438596491,0.7719298245614035
9003,nonlinear,capability,1,0.7633333333333333,0.7733333333333333,0.2807017543859649,0.29545454545454547,0.2727272727272727,0.2631578947368421,0.09433962264150944,0.15789473684210525,0.22535211267605634,0.19047619047619047
9003,nonlinear,capability,2,0.85,0.8533333333333334,0.17307692307692307,0.15254237288135594,0.15625,0.16666666666666666,0.17307692307692307,0.1346153846153846,0.2,0.10344827586206896
9003,nonlinear,capability,3,0.8566666666666667,0.8733333333333333,0.16666666666666666,0.125,0.07017543859649122,0.11764705882352941,0.14,0.08771929824561403,0.1724137931034483,0.15942028985507245
9003,nonlinear,family,0,0.3,0.27,0.574468085106383,0.5925925925925926,0.7333333333333333,0.7301587301587301,0.6875,0.5283018867924528,0.7543859649122807,0.7192982456140351
9003,nonlinear,family,1,0.7833333333333333,0.7333333333333333,0.08771929824561403,0.20454545454545456,0.25757575757575757,0.22807017543859648,0.16981132075471697,0.21052631578947367,0.2535211267605634,0.19047619047619047
9003,nonlinear,family,2,0.8466666666666667,0.85,0.17307692307692307,0.1864406779661017,0.171875,0.15151515151515152,0.17307692307692307,0.11538461538461539,0.2,0.10344827586206896
9003,nonlinear,family,3,0.8566666666666667,0.8766666666666667,0.16666666666666666,0.125,0.07017543859649122,0.11764705882352941,0.14,0.08771929824561403,0.1724137931034483,0.15942028985507245
9003,nonlinear,failure,0,0.29333333333333333,0.26666666666666666,0.6382978723404256,0.5555555555555556,0.75,0.6984126984126984,0.6875,0.5471698113207547,0.7719298245614035,0.7368421052631579
9003,nonlinear,failure,1,0.75,0.71,0.22807017543859648,0.1590909090909091,0.19696969696969696,0.24561403508771928,0.22641509433962265,0.17543859649122806,0.352112676056338,0.23809523809523808
9003,nonlinear,failure,2,0.8266666666666667,0.8066666666666666,0.17307692307692307,0.15254237288135594,0.171875,0.19696969696969696,0.23076923076923078,0.1346153846153846,0.2,0.1896551724137931
9003,nonlinear,failure,3,0.8566666666666667,0.8766666666666667,0.16666666666666666,0.125,0.07017543859649122,0.11764705882352941,0.14,0.08771929824561403,0.1724137931034483,0.15942028985507245
9003,nonlinear,random_gran,0,0.28,0.25666666666666665,0.6808510638297872,0.6296296296296297,0.7333333333333333,0.7142857142857143,0.71875,0.5471698113207547,0.7719298245614035,0.7368421052631579
9003,nonlinear,random_gran,1,0.7833333333333333,0.7233333333333334,0.3157894736842105,0.2727272727272727,0.18181818181818182,0.15789473684210525,0.16981132075471697,0.24561403508771928,0.15492957746478872,0.19047619047619047
9003,nonlinear,random_gran,2,0.84,0.85,0.19230769230769232,0.15254237288135594,0.15625,0.16666666666666666,0.17307692307692307,0.17307692307692307,0.21818181818181817,0.10344827586206896
9003,nonlinear,random_gran,3,0.8566666666666667,0.8766666666666667,0.16666666666666666,0.125,0.07017543859649122,0.11764705882352941,0.14,0.08771929824561403,0.1724137931034483,0.15942028985507245
9004,nonlinear,uniform,0,0.32666666666666666,0.2866666666666667,0.6271186440677966,0.6739130434782609,0.7096774193548387,0.6333333333333333,0.7532467532467533,0.6538461538461539,0.6229508196721312,0.7540983606557377
9004,nonlinear,uniform,1,0.78,0.6866666666666666,0.203125,0.0625,0.1694915254237288,0.13432835820895522,0.23214285714285715,0.3137254901960784,0.18181818181818182,0.29850746268656714
9004,nonlinear,uniform,2,0.8866666666666667,0.8766666666666667,0.07142857142857142,0.05714285714285714,0.05084745762711865,0.09433962264150944,0.08888888888888889,0.16071428571428573,0.21052631578947367,0.14545454545454545
9004,nonlinear,uniform,3,0.9033333333333333,0.8733333333333333,0.06060606060606061,0.1,0.0851063829787234,0.1111111111111111,0.04081632653061224,0.1320754716981132,0.125,0.125
9004,nonlinear,difficulty,0,0.3433333333333333,0.2966666666666667,0.6440677966101694,0.6956521739130435,0.7096774193548387,0.7,0.6753246753246753,0.6538461538461539,0.5737704918032787,0.6885245901639344
9004,nonlinear,difficulty,1,0.86,0.7833333333333333,0.078125,0.041666666666666664,0.15254237288135594,0.13432835820895522,0.10714285714285714,0.23529411764705882,0.14545454545454545,0.13432835820895522
9004,nonlinear,difficulty,2,0.8833333333333333,0.8733333333333333,0.07142857142857142,0.07142857142857142,0.05084745762711865,0.09433962264150944,0.08888888888888889,0.17857142857142858,0.21052631578947367,0.14545454545454545
9004,nonlinear,difficulty,3,0.9,0.8733333333333333,0.06060606060606061,0.1,0.10638297872340426,0.1111111111111111,0.04081632653061224,0.1320754716981132,0.125,0.140625
9004,nonlinear,capability,0,0.36666666666666664,0.30333333333333334,0.5932203389830508,0.6956521739130435,0.7258064516129032,0.5833333333333334,0.6753246753246753,0.6730769230769231,0.5901639344262295,0.6065573770491803
9004,nonlinear,capability,1,0.7966666666666666,0.7033333333333334,0.1875,0.0625,0.1864406779661017,0.13432835820895522,0.16071428571428573,0.3333333333333333,0.16363636363636364,0.2537313432835821
9004,nonlinear,capability,2,0.8833333333333333,0.8733333333333333,0.07142857142857142,0.07142857142857142,0.05084745762711865,0.09433962264150944,0.08888888888888889,0.17857142857142858,0.21052631578947367,0.14545454545454545
9004,nonlinear,capability,3,0.9,0.87,0.06060606060606061,0.1,0.10638297872340426,0.1111111111111111,0.04081632653061224,0.1320754716981132,0.125,0.140625
9004,nonlinear,family,0,0.3566666666666667,0.30666666666666664,0.576271186440678,0.6739130434782609,0.7096774193548387,0.6333333333333333,0.7402597402597403,0.6346153846153846,0.6065573770491803,0.6229508196721312
9004,nonlinear,family,1,0.7633333333333333,0.6266666666666667,0.1875,0.0625,0.2033898305084746,0.16417910447761194,0.19642857142857142,0.3137254901960784,0.3090909090909091,0.2835820895522388
9004,nonlinear,family,2,0.8833333333333333,0.87,0.07142857142857142,0.07142857142857142,0.05084745762711865,0.09433962264150944,0.08888888888888889,0.17857142857142858,0.21052631578947367,0.14545454545454545
9004,nonlinear,family,3,0.9,0.87,0.06060606060606061,0.1,0.10638297872340426,0.1111111111111111,0.04081632653061224,0.1320754716981132,0.125,0.140625
9004,nonlinear,failure,0,0.35333333333333333,0.31,0.576271186440678,0.6739130434782609,0.7096774193548387,0.6333333333333333,0.6623376623376623,0.6923076923076923,0.5737704918032787,0.7049180327868853
9004,nonlinear,failure,1,0.7433333333333333,0.63,0.203125,0.125,0.22033898305084745,0.26865671641791045,0.35714285714285715,0.3333333333333333,0.16363636363636364,0.22388059701492538
9004,nonlinear,failure,2,0.86,0.8666666666666667,0.08928571428571429,0.14285714285714285,0.06779661016949153,0.11320754716981132,0.08888888888888889,0.17857142857142858,0.21052631578947367,0.16363636363636364
9004,nonlinear,failure,3,0.9,0.87,0.06060606060606061,0.1,0.10638297872340426,0.1111111111111111,0.04081632653061224,0.1320754716981132,0.125,0.140625
9004,nonlinear,random_gran,0,0.35,0.29333333333333333,0.6271186440677966,0.6956521739130435,0.7258064516129032,0.5833333333333334,0.7012987012987013,0.6923076923076923,0.6065573770491803,0.6229508196721312
9004,nonlinear,random_gran,1,0.8166666666666667,0.66,0.15625,0.0625,0.1694915254237288,0.16417910447761194,0.14285714285714285,0.3333333333333333,0.18181818181818182,0.16417910447761194
9004,nonlinear,random_gran,2,0.88,0.8733333333333333,0.07142857142857142,0.07142857142857142,0.05084745762711865,0.09433962264150944,0.08888888888888889,0.17857142857142858,0.22807017543859648,0.14545454545454545
9004,nonlinear,random_gran,3,0.9,0.87,0.06060606060606061,0.1,0.10638297872340426,0.1111111111111111,0.04081632653061224,0.1320754716981132,0.125,0.140625
9005,nonlinear,uniform,0,0.32,0.2966666666666667,0.6909090909090909,0.7090909090909091,0.6538461538461539,0.5735294117647058,0.7619047619047619,0.6290322580645161,0.6666666666666666,0.578125
9005,nonlinear,uniform,1,0.8033333333333333,0.6766666666666666,0.19672131147540983,0.22058823529411764,0.11627906976744186,0.19672131147540983,0.19642857142857142,0.2463768115942029,0.03571428571428571,0.07142857142857142
9005,nonlinear,uniform,2,0.8333333333333334,0.8333333333333334,0.19607843137254902,0.14545454545454545,0.2222222222222222,0.1111111111111111,0.21875,0.15492957746478872,0.2,0.06
9005,nonlinear,uniform,3,0.88,0.84,0.10526315789473684,0.09836065573770492,0.11475409836065574,0.11666666666666667,0.1694915254237288,0.10909090909090909,0.10869565217391304,0.15789473684210525
9005,nonlinear,difficulty,0,0.27666666666666667,0.2866666666666667,0.7090909090909091,0.7272727272727273,0.7115384615384616,0.6029411764705882,0.7380952380952381,0.7419354838709677,0.7017543859649122,0.671875
9005,nonlinear,difficulty,1,0.84,0.7133333333333334,0.19672131147540983,0.20588235294117646,0.16279069767441862,0.11475409836065574,0.07142857142857142,0.14492753623188406,0.10714285714285714,0.07142857142857142
9005,nonlinear,difficulty,2,0.8333333333333334,0.8366666666666667,0.19607843137254902,0.14545454545454545,0.2222222222222222,0.1111111111111111,0.21875,0.15492957746478872,0.2,0.06
9005,nonlinear,difficulty,3,0.88,0.8433333333333334,0.10526315789473684,0.09836065573770492,0.11475409836065574,0.11666666666666667,0.1694915254237288,0.10909090909090909,0.10869565217391304,0.15789473684210525
9005,nonlinear,capability,0,0.32666666666666666,0.31333333333333335,0.7090909090909091,0.6181818181818182,0.6346153846153846,0.5882352941176471,0.6904761904761905,0.6290322580645161,0.6666666666666666,0.640625
9005,nonlinear,capability,1,0.8533333333333334,0.7066666666666667,0.14754098360655737,0.10294117647058823,0.11627906976744186,0.21311475409836064,0.10714285714285714,0.10144927536231885,0.08928571428571429,0.14285714285714285
9005,nonlinear,capability,2,0.8333333333333334,0.8366666666666667,0.19607843137254902,0.14545454545454545,0.2222222222222222,0.1111111111111111,0.21875,0.15492957746478872,0.2,0.06
9005,nonlinear,capability,3,0.88,0.8433333333333334,0.10526315789473684,0.09836065573770492,0.11475409836065574,0.11666666666666667,0.1694915254237288,0.10909090909090909,0.10869565217391304,0.15789473684210525
9005,nonlinear,family,0,0.30333333333333334,0.29333333333333333,0.7090909090909091,0.6909090909090909,0.6538461538461539,0.5882352941176471,0.7380952380952381,0.6290322580645161,0.7017543859649122,0.65625
9005,nonlinear,family,1,0.7266666666666667,0.6066666666666667,0.16393442622950818,0.3382352941176471,0.16279069767441862,0.18032786885245902,0.23214285714285715,0.30434782608695654,0.25,0.23214285714285715
9005,nonlinear,family,2,0.8233333333333334,0.83,0.19607843137254902,0.18181818181818182,0.2222222222222222,0.1111111111111111,0.21875,0.19718309859154928,0.2,0.06
9005,nonlinear,family,3,0.88,0.8433333333333334,0.10526315789473684,0.09836065573770492,0.11475409836065574,0.11666666666666667,0.1694915254237288,0.10909090909090909,0.10869565217391304,0.15789473684210525
9005,nonlinear,failure,0,0.29333333333333333,0.27,0.7090909090909091,0.7454545454545455,0.6346153846153846,0.6470588235294118,0.7142857142857143,0.6612903225806451,0.6666666666666666,0.6875
9005,nonlinear,failure,1,0.7133333333333334,0.5966666666666667,0.2786885245901639,0.5,0.18604651162790697,0.32786885245901637,0.23214285714285715,0.2028985507246377,0.07142857142857142,0.23214285714285715
9005,nonlinear,failure,2,0.8133333333333334,0.8266666666666667,0.19607843137254902,0.16363636363636364,0.2222222222222222,0.2037037037037037,0.21875,0.15492957746478872,0.2,0.08
9005,nonlinear,failure,3,0.88,0.8366666666666667,0.10526315789473684,0.09836065573770492,0.11475409836065574,0.11666666666666667,0.1694915254237288,0.10909090909090909,0.10869565217391304,0.15789473684210525
9005,nonlinear,random_gran,0,0.30666666666666664,0.29,0.7272727272727273,0.7636363636363637,0.6346153846153846,0.6029411764705882,0.7142857142857143,0.6290322580645161,0.631578947368421,0.65625
9005,nonlinear,random_gran,1,0.7666666666666667,0.6366666666666667,0.2459016393442623,0.4411764705882353,0.13953488372093023,0.26229508196721313,0.14285714285714285,0.21739130434782608,0.03571428571428571,0.10714285714285714
9005,nonlinear,random_gran,2,0.83,0.83,0.19607843137254902,0.16363636363636364,0.2222222222222222,0.1111111111111111,0.21875,0.15492957746478872,0.2,0.08
9005,nonlinear,random_gran,3,0.88,0.8433333333333334,0.10526315789473684,0.09836065573770492,0.11475409836065574,0.11666666666666667,0.1694915254237288,0.10909090909090909,0.10869565217391304,0.15789473684210525
9006,nonlinear,uniform,0,0.32666666666666666,0.2866666666666667,0.7037037037037037,0.75,0.6666666666666666,0.639344262295082,0.6491228070175439,0.7017543859649122,0.7111111111111111,0.7058823529411765
9006,nonlinear,uniform,1,0.7633333333333333,0.6866666666666666,0.21311475409836064,0.2542372881355932,0.19642857142857142,0.1774193548387097,0.30357142857142855,0.18,0.23214285714285715,0.25
9006,nonlinear,uniform,2,0.88,0.8033333333333333,0.15625,0.07547169811320754,0.11290322580645161,0.11764705882352941,0.14516129032258066,0.1016949152542373,0.14285714285714285,0.09615384615384616
9006,nonlinear,uniform,3,0.8766666666666667,0.8366666666666667,0.14754098360655737,0.14285714285714285,0.15384615384615385,0.17391304347826086,0.14516129032258066,0.05,0.1,0.10344827586206896
9006,nonlinear,difficulty,0,0.32666666666666666,0.27,0.7222222222222222,0.6666666666666666,0.6851851851851852,0.6721311475409836,0.6842105263157895,0.6140350877192983,0.7777777777777778,0.7205882352941176
9006,nonlinear,difficulty,1,0.8633333333333333,0.7766666666666666,0.13114754098360656,0.15254237288135594,0.07142857142857142,0.12903225806451613,0.19642857142857142,0.12,0.14285714285714285,0.125
9006,nonlinear,difficulty,2,0.88,0.8033333333333333,0.15625,0.07547169811320754,0.11290322580645161,0.11764705882352941,0.14516129032258066,0.1016949152542373,0.14285714285714285,0.09615384615384616
9006,nonlinear,difficulty,3,0.8766666666666667,0.8366666666666667,0.14754098360655737,0.14285714285714285,0.15384615384615385,0.17391304347826086,0.14516129032258066,0.05,0.1,0.10344827586206896
9006,nonlinear,capability,0,0.3333333333333333,0.2833333333333333,0.7222222222222222,0.7,0.6666666666666666,0.6557377049180327,0.6491228070175439,0.6140350877192983,0.8,0.7058823529411765
9006,nonlinear,capability,1,0.8,0.7233333333333334,0.14754098360655737,0.1694915254237288,0.10714285714285714,0.11290322580645161,0.30357142857142855,0.26,0.25,0.234375
9006,nonlinear,capability,2,0.88,0.8033333333333333,0.15625,0.07547169811320754,0.11290322580645161,0.11764705882352941,0.14516129032258066,0.1016949152542373,0.14285714285714285,0.09615384615384616
9006,nonlinear,capability,3,0.8766666666666667,0.8333333333333334,0.14754098360655737,0.14285714285714285,0.15384615384615385,0.17391304347826086,0.14516129032258066,0.05,0.1,0.10344827586206896
9006,nonlinear,family,0,0.31333333333333335,0.27,0.7592592592592593,0.7,0.6666666666666666,0.7213114754098361,0.6491228070175439,0.6140350877192983,0.8,0.7058823529411765
9006,nonlinear,family,1,0.7766666666666666,0.6333333333333333,0.18032786885245902,0.1864406779661017,0.14285714285714285,0.2903225806451613,0.3392857142857143,0.28,0.16071428571428573,0.1875
9006,nonlinear,family,2,0.88,0.7966666666666666,0.15625,0.07547169811320754,0.11290322580645161,0.11764705882352941,0.14516129032258066,0.1016949152542373,0.14285714285714285,0.09615384615384616
9006,nonlinear,family,3,0.8766666666666667,0.8333333333333334,0.14754098360655737,0.14285714285714285,0.15384615384615385,0.17391304347826086,0.14516129032258066,0.05,0.1,0.10344827586206896
9006,nonlinear,failure,0,0.3466666666666667,0.31,0.7037037037037037,0.7,0.6666666666666666,0.639344262295082,0.6140350877192983,0.631578947368421,0.6888888888888889,0.6911764705882353
9006,nonlinear,failure,1,0.7933333333333333,0.6733333333333333,0.22950819672131148,0.22033898305084745,0.125,0.14516129032258066,0.30357142857142855,0.26,0.08928571428571429,0.234375
9006,nonlinear,failure,2,0.8566666666666667,0.7833333333333333,0.15625,0.07547169811320754,0.14516129032258066,0.14705882352941177,0.16129032258064516,0.1864406779661017,0.1836734693877551,0.11538461538461539
9006,nonlinear,failure,3,0.87,0.82,0.14754098360655737,0.14285714285714285,0.15384615384615385,0.17391304347826086,0.14516129032258066,0.08333333333333333,0.1,0.10344827586206896
9006,nonlinear,random_gran,0,0.3233333333333333,0.2733333333333333,0.7777777777777778,0.7,0.6296296296296297,0.639344262295082,0.7368421052631579,0.6666666666666666,0.7555555555555555,0.6470588235294118
9006,nonlinear,random_gran,1,0.7733333333333333,0.66,0.26229508196721313,0.2711864406779661,0.10714285714285714,0.1774193548387097,0.30357142857142855,0.26,0.10714285714285714,0.25
9006,nonlinear,random_gran,2,0.88,0.8033333333333333,0.15625,0.07547169811320754,0.11290322580645161,0.11764705882352941,0.14516129032258066,0.1016949152542373,0.14285714285714285,0.09615384615384616
9006,nonlinear,random_gran,3,0.8766666666666667,0.8366666666666667,0.14754098360655737,0.14285714285714285,0.15384615384615385,0.17391304347826086,0.14516129032258066,0.05,0.1,0.10344827586206896
9007,nonlinear,uniform,0,0.32,0.3,0.6619718309859155,0.7142857142857143,0.7272727272727273,0.543859649122807,0.6610169491525424,0.65,0.6923076923076923,0.7
9007,nonlinear,uniform,1,0.7333333333333333,0.6933333333333334,0.24489795918367346,0.3275862068965517,0.2222222222222222,0.23728813559322035,0.3492063492063492,0.21818181818181817,0.22,0.12280701754385964
9007,nonlinear,uniform,2,0.87,0.8566666666666667,0.0851063829787234,0.1346153846153846,0.09523809523809523,0.14925373134328357,0.07547169811320754,0.20408163265306123,0.17543859649122806,0.15873015873015872
9007,nonlinear,uniform,3,0.8933333333333333,0.83,0.0625,0.1,0.08163265306122448,0.1509433962264151,0.057692307692307696,0.1506849315068493,0.14285714285714285,0.07352941176470588
9007,nonlinear,difficulty,0,0.3333333333333333,0.31,0.7464788732394366,0.6825396825396826,0.7090909090909091,0.5087719298245614,0.5932203389830508,0.65,0.6730769230769231,0.75
9007,nonlinear,difficulty,1,0.8533333333333334,0.8066666666666666,0.20408163265306123,0.10344827586206896,0.06349206349206349,0.0847457627118644,0.14285714285714285,0.14545454545454545,0.2,0.12280701754385964
9007,nonlinear,difficulty,2,0.8766666666666667,0.8633333333333333,0.0851063829787234,0.1346153846153846,0.09523809523809523,0.14925373134328357,0.03773584905660377,0.20408163265306123,0.15789473684210525,0.14285714285714285
9007,nonlinear,difficulty,3,0.8933333333333333,0.8333333333333334,0.0625,0.1,0.08163265306122448,0.1509433962264151,0.057692307692307696,0.1506849315068493,0.14285714285714285,0.07352941176470588
9007,nonlinear,capability,0,0.30666666666666664,0.27666666666666667,0.7605633802816901,0.6825396825396826,0.7090909090909091,0.543859649122807,0.6779661016949152,0.7,0.6730769230769231,0.75
9007,nonlinear,capability,1,0.7866666666666666,0.73,0.2857142857142857,0.3103448275862069,0.1746031746031746,0.22033898305084745,0.20634920634920634,0.09090909090909091,0.14,0.12280701754385964
9007,nonlinear,capability,2,0.8766666666666667,0.86,0.0851063829787234,0.1346153846153846,0.09523809523809523,0.14925373134328357,0.03773584905660377,0.20408163265306123,0.15789473684210525,0.14285714285714285
9007,nonlinear,capability,3,0.8933333333333333,0.83,0.0625,0.1,0.08163265306122448,0.1509433962264151,0.057692307692307696,0.1506849315068493,0.14285714285714285,0.07352941176470588
9007,nonlinear,family,0,0.32666666666666666,0.3,0.6901408450704225,0.746031746031746,0.7090909090909091,0.5614035087719298,0.559322033898305,0.6666666666666666,0.6730769230769231,0.7666666666666667
9007,nonlinear,family,1,0.7066666666666667,0.6833333333333333,0.2653061224489796,0.3793103448275862,0.30158730158730157,0.288135593220339,0.2698412698412698,0.34545454545454546,0.2,0.12280701754385964
9007,nonlinear,family,2,0.87,0.8433333333333334,0.10638297872340426,0.1346153846153846,0.10714285714285714,0.16417910447761194,0.03773584905660377,0.20408163265306123,0.15789473684210525,0.14285714285714285
9007,nonlinear,family,3,0.8933333333333333,0.83,0.0625,0.1,0.08163265306122448,0.1509433962264151,0.057692307692307696,0.1506849315068493,0.14285714285714285,0.07352941176470588
9007,nonlinear,failure,0,0.33,0.2966666666666667,0.7183098591549296,0.7142857142857143,0.7090909090909091,0.543859649122807,0.559322033898305,0.6666666666666666,0.6730769230769231,0.75
9007,nonlinear,failure,1,0.7633333333333333,0.69,0.24489795918367346,0.20689655172413793,0.19047619047619047,0.2542372881355932,0.12698412698412698,0.18181818181818182,0.24,0.2807017543859649
9007,nonlinear,failure,2,0.8733333333333333,0.8566666666666667,0.0851063829787234,0.1346153846153846,0.09523809523809523,0.14925373134328357,0.03773584905660377,0.20408163265306123,0.15789473684210525,0.15873015873015872
9007,nonlinear,failure,3,0.8933333333333333,0.83,0.0625,0.1,0.08163265306122448,0.1509433962264151,0.057692307692307696,0.1506849315068493,0.14285714285714285,0.07352941176470588
9007,nonlinear,random_gran,0,0.32,0.2966666666666667,0.7464788732394366,0.6984126984126984,0.7272727272727273,0.543859649122807,0.5932203389830508,0.6666666666666666,0.6730769230769231,0.7666666666666667
9007,nonlinear,random_gran,1,0.78,0.7366666666666667,0.2653061224489796,0.15517241379310345,0.1746031746031746,0.22033898305084745,0.12698412698412698,0.2,0.22,0.24561403508771928
9007,nonlinear,random_gran,2,0.8766666666666667,0.86,0.0851063829787234,0.1346153846153846,0.09523809523809523,0.14925373134328357,0.03773584905660377,0.20408163265306123,0.15789473684210525,0.14285714285714285
9007,nonlinear,random_gran,3,0.8933333333333333,0.83,0.0625,0.1,0.08163265306122448,0.1509433962264151,0.057692307692307696,0.1506849315068493,0.14285714285714285,0.07352941176470588
9008,nonlinear,uniform,0,0.2866666666666667,0.31333333333333335,0.6981132075471698,0.6176470588235294,0.6842105263157895,0.7192982456140351,0.711864406779661,0.6842105263157895,0.676923076923077,0.8461538461538461
9008,nonlinear,uniform,1,0.8366666666666667,0.7333333333333333,0.14516129032258066,0.16923076923076924,0.16923076923076924,0.21739130434782608,0.1346153846153846,0.30357142857142855,0.07142857142857142,0.14084507042253522
9008,nonlinear,uniform,2,0.87,0.7933333333333333,0.1111111111111111,0.1076923076923077,0.15384615384615385,0.12962962962962962,0.16666666666666666,0.09523809523809523,0.10204081632653061,0.1232876712328767
9008,nonlinear,uniform,3,0.88,0.8466666666666667,0.1267605633802817,0.16666666666666666,0.07547169811320754,0.1509433962264151,0.11267605633802817,0.15,0.09803921568627451,0.12121212121212122
9008,nonlinear,difficulty,0,0.27666666666666667,0.30333333333333334,0.7169811320754716,0.6470588235294118,0.6491228070175439,0.7719298245614035,0.711864406779661,0.7017543859649122,0.676923076923077,0.8461538461538461
9008,nonlinear,difficulty,1,0.8966666666666666,0.7866666666666666,0.12903225806451613,0.09230769230769231,0.07692307692307693,0.15217391304347827,0.07692307692307693,0.21428571428571427,0.02857142857142857,0.11267605633802817
9008,nonlinear,difficulty,2,0.87,0.8,0.1111111111111111,0.1076923076923077,0.15384615384615385,0.12962962962962962,0.16666666666666666,0.09523809523809523,0.10204081632653061,0.1232876712328767
9008,nonlinear,difficulty,3,0.8833333333333333,0.8466666666666667,0.11267605633802817,0.16666666666666666,0.07547169811320754,0.1320754716981132,0.09859154929577464,0.15,0.09803921568627451,0.12121212121212122
9008,nonlinear,capability,0,0.2866666666666667,0.3233333333333333,0.7169811320754716,0.6176470588235294,0.631578947368421,0.7543859649122807,0.711864406779661,0.6491228070175439,0.6923076923076923,0.8461538461538461
9008,nonlinear,capability,1,0.8833333333333333,0.77,0.1774193548387097,0.12307692307692308,0.07692307692307693,0.17391304347826086,0.057692307692307696,0.21428571428571427,0.02857142857142857,0.09859154929577464
9008,nonlinear,capability,2,0.87,0.8,0.1111111111111111,0.1076923076923077,0.15384615384615385,0.12962962962962962,0.16666666666666666,0.09523809523809523,0.10204081632653061,0.1232876712328767
9008,nonlinear,capability,3,0.8833333333333333,0.8466666666666667,0.11267605633802817,0.16666666666666666,0.07547169811320754,0.1320754716981132,0.09859154929577464,0.15,0.09803921568627451,0.12121212121212122
9008,nonlinear,family,0,0.29333333333333333,0.3433333333333333,0.7169811320754716,0.6176470588235294,0.6140350877192983,0.7543859649122807,0.6949152542372882,0.6666666666666666,0.6615384615384615,0.8461538461538461
9008,nonlinear,family,1,0.8133333333333334,0.6966666666666667,0.3064516129032258,0.18461538461538463,0.07692307692307693,0.2608695652173913,0.19230769230769232,0.32142857142857145,0.07142857142857142,0.14084507042253522
9008,nonlinear,family,2,0.87,0.7966666666666666,0.1111111111111111,0.1076923076923077,0.15384615384615385,0.12962962962962962,0.16666666666666666,0.09523809523809523,0.10204081632653061,0.1232876712328767
9008,nonlinear,family,3,0.88,0.8466666666666667,0.1267605633802817,0.16666666666666666,0.07547169811320754,0.1509433962264151,0.11267605633802817,0.15,0.09803921568627451,0.12121212121212122
9008,nonlinear,failure,0,0.2833333333333333,0.31333333333333335,0.6981132075471698,0.6911764705882353,0.6140350877192983,0.6666666666666666,0.7288135593220338,0.6491228070175439,0.7230769230769231,0.8076923076923077
9008,nonlinear,failure,1,0.79,0.6733333333333333,0.1935483870967742,0.18461538461538463,0.26153846153846155,0.1956521739130435,0.17307692307692307,0.35714285714285715,0.21428571428571427,0.08450704225352113
9008,nonlinear,failure,2,0.86,0.7833333333333333,0.1111111111111111,0.1076923076923077,0.17307692307692307,0.12962962962962962,0.16666666666666666,0.12698412698412698,0.10204081632653061,0.1232876712328767
9008,nonlinear,failure,3,0.8866666666666667,0.8466666666666667,0.11267605633802817,0.16666666666666666,0.05660377358490566,0.1320754716981132,0.09859154929577464,0.15,0.0784313725490196,0.12121212121212122
9008,nonlinear,random_gran,0,0.29333333333333333,0.3466666666666667,0.7169811320754716,0.6764705882352942,0.631578947368421,0.7017543859649122,0.6779661016949152,0.7192982456140351,0.6307692307692307,0.8461538461538461
9008,nonlinear,random_gran,1,0.8533333333333334,0.7266666666666667,0.20967741935483872,0.15384615384615385,0.12307692307692308,0.13043478260869565,0.07692307692307693,0.32142857142857145,0.07142857142857142,0.09859154929577464
9008,nonlinear,random_gran,2,0.87,0.8,0.1111111111111111,0.1076923076923077,0.15384615384615385,0.12962962962962962,0.16666666666666666,0.09523809523809523,0.10204081632653061,0.1232876712328767
9008,nonlinear,random_gran,3,0.88,0.8466666666666667,0.1267605633802817,0.16666666666666666,0.07547169811320754,0.1509433962264151,0.11267605633802817,0.15,0.09803921568627451,0.12121212121212122
9009,nonlinear,uniform,0,0.30666666666666664,0.22333333333333333,0.6415094339622641,0.6938775510204082,0.6037735849056604,0.6986301369863014,0.7333333333333333,0.684931506849315,0.6842105263157895,0.631578947368421
9009,nonlinear,uniform,1,0.77,0.7266666666666667,0.25862068965517243,0.30158730158730157,0.16363636363636364,0.2916666666666667,0.14285714285714285,0.24528301886792453,0.3125,0.2
9009,nonlinear,uniform,2,0.9166666666666666,0.84,0.08,0.06896551724137931,0.0847457627118644,0.05714285714285714,0.07352941176470588,0.13793103448275862,0.11538461538461539,0.0
9009,nonlinear,uniform,3,0.8966666666666666,0.8533333333333334,0.05660377358490566,0.08823529411764706,0.08163265306122448,0.10909090909090909,0.13432835820895522,0.12698412698412698,0.11940298507462686,0.13953488372093023
9009,nonlinear,difficulty,0,0.35333333333333333,0.26,0.6037735849056604,0.6938775510204082,0.5849056603773585,0.6575342465753424,0.7111111111111111,0.5753424657534246,0.5789473684210527,0.6140350877192983
9009,nonlinear,difficulty,1,0.8433333333333334,0.8166666666666667,0.1206896551724138,0.1746031746031746,0.14545454545454545,0.22916666666666666,0.14285714285714285,0.18867924528301888,0.171875,0.18
9009,nonlinear,difficulty,2,0.9233333333333333,0.84,0.08,0.06896551724137931,0.0847457627118644,0.05714285714285714,0.07352941176470588,0.13793103448275862,0.07692307692307693,0.0
9009,nonlinear,difficulty,3,0.9033333333333333,0.8533333333333334,0.03773584905660377,0.07352941176470588,0.08163265306122448,0.09090909090909091,0.11940298507462686,0.12698412698412698,0.11940298507462686,0.13953488372093023
9009,nonlinear,capability,0,0.3433333333333333,0.24666666666666667,0.6226415094339622,0.6938775510204082,0.6226415094339622,0.684931506849315,0.6888888888888889,0.5753424657534246,0.5964912280701754,0.631578947368421
9009,nonlinear,capability,1,0.8233333333333334,0.83,0.20689655172413793,0.19047619047619047,0.14545454545454545,0.25,0.1,0.1509433962264151,0.1875,0.24
9009,nonlinear,capability,2,0.9233333333333333,0.84,0.08,0.06896551724137931,0.0847457627118644,0.05714285714285714,0.07352941176470588,0.13793103448275862,0.07692307692307693,0.0
9009,nonlinear,capability,3,0.8933333333333333,0.8533333333333334,0.05660377358490566,0.10294117647058823,0.08163265306122448,0.12727272727272726,0.14925373134328357,0.12698412698412698,0.11940298507462686,0.13953488372093023
9009,nonlinear,family,0,0.36,0.2733333333333333,0.6037735849056604,0.6530612244897959,0.6415094339622641,0.6986301369863014,0.7777777777777778,0.4794520547945205,0.5263157894736842,0.5789473684210527
9009,nonlinear,family,1,0.7766666666666666,0.7433333333333333,0.27586206896551724,0.2222222222222222,0.18181818181818182,0.2708333333333333,0.1,0.16981132075471697,0.296875,0.34
9009,nonlinear,family,2,0.9033333333333333,0.8333333333333334,0.1,0.06896551724137931,0.1016949152542373,0.11428571428571428,0.07352941176470588,0.1724137931034483,0.09615384615384616,0.022222222222222223
9009,nonlinear,family,3,0.8933333333333333,0.8533333333333334,0.05660377358490566,0.10294117647058823,0.08163265306122448,0.12727272727272726,0.14925373134328357,0.12698412698412698,0.11940298507462686,0.13953488372093023
9009,nonlinear,failure,0,0.34,0.25,0.6226415094339622,0.6938775510204082,0.5849056603773585,0.6712328767123288,0.7111111111111111,0.589041095890411,0.5789473684210527,0.6491228070175439
9009,nonlinear,failure,1,0.7166666666666667,0.6633333333333333,0.41379310344827586,0.23809523809523808,0.2,0.375,0.18571428571428572,0.33962264150943394,0.296875,0.32
9009,nonlinear,failure,2,0.91,0.83,0.08,0.06896551724137931,0.0847457627118644,0.07142857142857142,0.11764705882352941,0.15517241379310345,0.07692307692307693,0.0
9009,nonlinear,failure,3,0.8966666666666666,0.8533333333333334,0.05660377358490566,0.08823529411764706,0.08163265306122448,0.10909090909090909,0.13432835820895522,0.12698412698412698,0.11940298507462686,0.13953488372093023
9009,nonlinear,random_gran,0,0.34,0.25666666666666665,0.5660377358490566,0.673469387755102,0.5849056603773585,0.7123287671232876,0.6666666666666666,0.6438356164383562,0.5263157894736842,0.6491228070175439
9009,nonlinear,random_gran,1,0.78,0.73,0.1724137931034483,0.30158730158730157,0.18181818181818182,0.3125,0.14285714285714285,0.2830188679245283,0.203125,0.22
9009,nonlinear,random_gran,2,0.9133333333333333,0.84,0.1,0.06896551724137931,0.0847457627118644,0.1,0.07352941176470588,0.13793103448275862,0.07692307692307693,0.0
9009,nonlinear,random_gran,3,0.9,0.8533333333333334,0.03773584905660377,0.07352941176470588,0.08163265306122448,0.10909090909090909,0.13432835820895522,0.12698412698412698,0.11940298507462686,0.13953488372093023
9010,nonlinear,uniform,0,0.3566666666666667,0.24666666666666667,0.6607142857142857,0.5714285714285714,0.6875,0.6129032258064516,0.6507936507936508,0.7608695652173914,0.37209302325581395,0.5967741935483871
9010,nonlinear,uniform,1,0.7833333333333333,0.7666666666666667,0.16417910447761194,0.24489795918367346,0.24324324324324326,0.17647058823529413,0.24561403508771928,0.2631578947368421,0.3333333333333333,0.2033898305084746
9010,nonlinear,uniform,2,0.9166666666666666,0.8566666666666667,0.11764705882352941,0.03389830508474576,0.15217391304347827,0.07407407407407407,0.04,0.044444444444444446,0.04838709677419355,0.09375
9010,nonlinear,uniform,3,0.89,0.8766666666666667,0.18867924528301888,0.09090909090909091,0.07272727272727272,0.09090909090909091,0.14545454545454545,0.07017543859649122,0.07017543859649122,0.11538461538461539
9010,nonlinear,difficulty,0,0.3233333333333333,0.21,0.7142857142857143,0.5714285714285714,0.75,0.5967741935483871,0.6349206349206349,0.7608695652173914,0.4418604651162791,0.6935483870967742
9010,nonlinear,difficulty,1,0.8133333333333334,0.8,0.19402985074626866,0.32653061224489793,0.17567567567567569,0.13725490196078433,0.21052631578947367,0.19298245614035087,0.1568627450980392,0.15254237288135594
9010,nonlinear,difficulty,2,0.9166666666666666,0.8533333333333334,0.11764705882352941,0.03389830508474576,0.15217391304347827,0.07407407407407407,0.04,0.044444444444444446,0.04838709677419355,0.09375
9010,nonlinear,difficulty,3,0.89,0.8733333333333333,0.18867924528301888,0.09090909090909091,0.07272727272727272,0.09090909090909091,0.14545454545454545,0.07017543859649122,0.07017543859649122,0.11538461538461539
9010,nonlinear,capability,0,0.31333333333333335,0.22333333333333333,0.7142857142857143,0.6071428571428571,0.765625,0.6290322580645161,0.6507936507936508,0.717391304347826,0.4186046511627907,0.6774193548387096
9010,nonlinear,capability,1,0.7666666666666667,0.7366666666666667,0.208955223880597,0.2857142857142857,0.20270270270270271,0.13725490196078433,0.3333333333333333,0.19298245614035087,0.21568627450980393,0.3389830508474576
9010,nonlinear,capability,2,0.9166666666666666,0.8533333333333334,0.11764705882352941,0.03389830508474576,0.15217391304347827,0.07407407407407407,0.04,0.044444444444444446,0.04838709677419355,0.09375
9010,nonlinear,capability,3,0.89,0.8766666666666667,0.18867924528301888,0.09090909090909091,0.07272727272727272,0.09090909090909091,0.14545454545454545,0.07017543859649122,0.07017543859649122,0.11538461538461539
9010,nonlinear,family,0,0.35333333333333333,0.22666666666666666,0.6607142857142857,0.5535714285714286,0.6875,0.5645161290322581,0.6349206349206349,0.7608695652173914,0.4418604651162791,0.6129032258064516
9010,nonlinear,family,1,0.7433333333333333,0.7,0.208955223880597,0.30612244897959184,0.2972972972972973,0.19607843137254902,0.2982456140350877,0.2807017543859649,0.27450980392156865,0.288135593220339
9010,nonlinear,family,2,0.9,0.8466666666666667,0.11764705882352941,0.03389830508474576,0.21739130434782608,0.09259259259259259,0.04,0.044444444444444446,0.06451612903225806,0.125
9010,nonlinear,family,3,0.89,0.8766666666666667,0.18867924528301888,0.09090909090909091,0.07272727272727272,0.09090909090909091,0.14545454545454545,0.07017543859649122,0.07017543859649122,0.11538461538461539
9010,nonlinear,failure,0,0.3233333333333333,0.21333333333333335,0.7321428571428571,0.5714285714285714,0.765625,0.6290322580645161,0.5714285714285714,0.7391304347826086,0.4883720930232558,0.6935483870967742
9010,nonlinear,failure,1,0.6666666666666666,0.6266666666666667,0.34328358208955223,0.40816326530612246,0.35135135135135137,0.17647058823529413,0.3684210526315789,0.3333333333333333,0.47058823529411764,0.3220338983050847
9010,nonlinear,failure,2,0.8733333333333333,0.8333333333333334,0.19117647058823528,0.03389830508474576,0.2608695652173913,0.1111111111111111,0.06,0.044444444444444446,0.0967741935483871,0.125
9010,nonlinear,failure,3,0.89,0.8766666666666667,0.18867924528301888,0.09090909090909091,0.07272727272727272,0.09090909090909091,0.14545454545454545,0.07017543859649122,0.07017543859649122,0.11538461538461539
9010,nonlinear,random_gran,0,0.3233333333333333,0.22333333333333333,0.6964285714285714,0.5714285714285714,0.75,0.5645161290322581,0.6825396825396826,0.7608695652173914,0.4418604651162791,0.6774193548387096
9010,nonlinear,random_gran,1,0.75,0.7033333333333334,0.26865671641791045,0.30612244897959184,0.25675675675675674,0.17647058823529413,0.3508771929824561,0.2631578947368421,0.29411764705882354,0.2033898305084746
9010,nonlinear,random_gran,2,0.9133333333333333,0.8533333333333334,0.11764705882352941,0.03389830508474576,0.17391304347826086,0.07407407407407407,0.04,0.044444444444444446,0.04838709677419355,0.09375
9010,nonlinear,random_gran,3,0.89,0.8766666666666667,0.18867924528301888,0.09090909090909091,0.07272727272727272,0.09090909090909091,0.14545454545454545,0.07017543859649122,0.07017543859649122,0.11538461538461539
9011,nonlinear,uniform,0,0.30666666666666664,0.24666666666666667,0.6721311475409836,0.5818181818181818,0.8103448275862069,0.711864406779661,0.8382352941176471,0.6346153846153846,0.6363636363636364,0.7647058823529411
9011,nonlinear,uniform,1,0.8033333333333333,0.7933333333333333,0.09722222222222222,0.15517241379310345,0.25925925925925924,0.10714285714285714,0.21052631578947367,0.27450980392156865,0.2608695652173913,0.1896551724137931
9011,nonlinear,uniform,2,0.8666666666666667,0.87,0.18461538461538463,0.09259259259259259,0.08163265306122448,0.1875,0.15873015873015872,0.11475409836065574,0.15151515151515152,0.08108108108108109
9011,nonlinear,uniform,3,0.8833333333333333,0.86,0.12244897959183673,0.13793103448275862,0.12727272727272726,0.14084507042253522,0.1323529411764706,0.10526315789473684,0.038461538461538464,0.08064516129032258
9011,nonlinear,difficulty,0,0.3433333333333333,0.27666666666666667,0.6721311475409836,0.5818181818181818,0.7413793103448276,0.6949152542372882,0.7058823529411765,0.6538461538461539,0.6,0.7058823529411765
9011,nonlinear,difficulty,1,0.8633333333333333,0.8566666666666667,0.1388888888888889,0.1206896551724138,0.18518518518518517,0.125,0.07017543859649122,0.1568627450980392,0.15942028985507245,0.1206896551724138
9011,nonlinear,difficulty,2,0.8666666666666667,0.8766666666666667,0.18461538461538463,0.09259259259259259,0.08163265306122448,0.1875,0.15873015873015872,0.11475409836065574,0.15151515151515152,0.08108108108108109
9011,nonlinear,difficulty,3,0.8833333333333333,0.8633333333333333,0.12244897959183673,0.13793103448275862,0.12727272727272726,0.14084507042253522,0.1323529411764706,0.10526315789473684,0.038461538461538464,0.08064516129032258
9011,nonlinear,capability,0,0.33666666666666667,0.27,0.6557377049180327,0.5818181818181818,0.7758620689655172,0.6949152542372882,0.7352941176470589,0.6538461538461539,0.6,0.7058823529411765
9011,nonlinear,capability,1,0.8366666666666667,0.8333333333333334,0.1111111111111111,0.1206896551724138,0.24074074074074073,0.125,0.14035087719298245,0.2549019607843137,0.2028985507246377,0.13793103448275862
9011,nonlinear,capability,2,0.87,0.88,0.16923076923076924,0.09259259259259259,0.08163265306122448,0.16666666666666666,0.15873015873015872,0.11475409836065574,0.15151515151515152,0.08108108108108109
9011,nonlinear,capability,3,0.8866666666666667,0.8633333333333333,0.12244897959183673,0.13793103448275862,0.10909090909090909,0.1267605633802817,0.11764705882352941,0.10526315789473684,0.038461538461538464,0.08064516129032258
9011,nonlinear,family,0,0.32666666666666666,0.2633333333333333,0.6721311475409836,0.5818181818181818,0.7068965517241379,0.711864406779661,0.75,0.6730769230769231,0.6,0.75
9011,nonlinear,family,1,0.7766666666666666,0.7366666666666667,0.1111111111111111,0.2413793103448276,0.24074074074074073,0.16071428571428573,0.22807017543859648,0.27450980392156865,0.2463768115942029,0.25862068965517243
9011,nonlinear,family,2,0.8466666666666667,0.8633333333333333,0.2,0.16666666666666666,0.10204081632653061,0.25,0.14285714285714285,0.09836065573770492,0.13636363636363635,0.0945945945945946
9011,nonlinear,family,3,0.8866666666666667,0.8633333333333333,0.12244897959183673,0.13793103448275862,0.10909090909090909,0.1267605633802817,0.11764705882352941,0.10526315789473684,0.038461538461538464,0.08064516129032258
9011,nonlinear,failure,0,0.3433333333333333,0.26,0.6557377049180327,0.5454545454545454,0.7068965517241379,0.7288135593220338,0.75,0.6538461538461539,0.6181818181818182,0.7058823529411765
9011,nonlinear,failure,1,0.76,0.7166666666666667,0.1527777777777778,0.3103448275862069,0.16666666666666666,0.19642857142857142,0.22807017543859648,0.21568627450980393,0.2898550724637681,0.27586206896551724
9011,nonlinear,failure,2,0.86,0.86,0.18461538461538463,0.09259259259259259,0.08163265306122448,0.20833333333333334,0.15873015873015872,0.11475409836065574,0.15151515151515152,0.10810810810810811
9011,nonlinear,failure,3,0.8833333333333333,0.86,0.12244897959183673,0.13793103448275862,0.12727272727272726,0.14084507042253522,0.1323529411764706,0.10526315789473684,0.038461538461538464,0.08064516129032258
9011,nonlinear,random_gran,0,0.37333333333333335,0.2833333333333333,0.6721311475409836,0.509090909090909,0.7413793103448276,0.6101694915254238,0.6911764705882353,0.5961538461538461,0.5818181818181818,0.6911764705882353
9011,nonlinear,random_gran,1,0.82,0.82,0.1388888888888889,0.1206896551724138,0.25925925925925924,0.125,0.15789473684210525,0.27450980392156865,0.18840579710144928,0.1724137931034483
9011,nonlinear,random_gran,2,0.8666666666666667,0.8766666666666667,0.18461538461538463,0.09259259259259259,0.08163265306122448,0.1875,0.15873015873015872,0.11475409836065574,0.15151515151515152,0.08108108108108109
9011,nonlinear,random_gran,3,0.8833333333333333,0.8633333333333333,0.12244897959183673,0.13793103448275862,0.12727272727272726,0.14084507042253522,0.1323529411764706,0.10526315789473684,0.038461538461538464,0.08064516129032258
9012,nonlinear,uniform,0,0.31333333333333335,0.2866666666666667,0.7377049180327869,0.7,0.6226415094339622,0.7457627118644068,0.7068965517241379,0.68,0.6825396825396826,0.75
9012,nonlinear,uniform,1,0.79,0.7366666666666667,0.1791044776119403,0.2909090909090909,0.27450980392156865,0.24489795918367346,0.17857142857142858,0.1643835616438356,0.1346153846153846,0.14754098360655737
9012,nonlinear,uniform,2,0.87,0.8666666666666667,0.0847457627118644,0.1694915254237288,0.16666666666666666,0.08163265306122448,0.15517241379310345,0.08771929824561403,0.1896551724137931,0.03389830508474576
9012,nonlinear,uniform,3,0.8666666666666667,0.8566666666666667,0.16417910447761194,0.1724137931034483,0.07692307692307693,0.1509433962264151,0.1724137931034483,0.1111111111111111,0.09090909090909091,0.11320754716981132
9012,nonlinear,difficulty,0,0.33666666666666667,0.31,0.7704918032786885,0.6857142857142857,0.6226415094339622,0.6610169491525424,0.5344827586206896,0.6,0.7142857142857143,0.75
9012,nonlinear,difficulty,1,0.85,0.82,0.13432835820895522,0.16363636363636364,0.2549019607843137,0.14285714285714285,0.08928571428571429,0.136986301369863,0.1346153846153846,0.08196721311475409
9012,nonlinear,difficulty,2,0.8733333333333333,0.87,0.0847457627118644,0.1694915254237288,0.16666666666666666,0.08163265306122448,0.13793103448275862,0.08771929824561403,0.1724137931034483,0.03389830508474576
9012,nonlinear,difficulty,3,0.87,0.8566666666666667,0.16417910447761194,0.15517241379310345,0.07692307692307693,0.1509433962264151,0.15517241379310345,0.1111111111111111,0.09090909090909091,0.11320754716981132
9012,nonlinear,capability,0,0.31666666666666665,0.2833333333333333,0.7868852459016393,0.5857142857142857,0.6415094339622641,0.711864406779661,0.6379310344827587,0.74,0.7142857142857143,0.7291666666666666
9012,nonlinear,capability,1,0.8033333333333333,0.7666666666666667,0.22388059701492538,0.23636363636363636,0.3333333333333333,0.16326530612244897,0.07142857142857142,0.2328767123287671,0.1346153846153846,0.03278688524590164
9012,nonlinear,capability,2,0.8666666666666667,0.87,0.0847457627118644,0.1694915254237288,0.16666666666666666,0.08163265306122448,0.15517241379310345,0.10526315789473684,0.1896551724137931,0.03389830508474576
9012,nonlinear,capability,3,0.8666666666666667,0.8566666666666667,0.16417910447761194,0.1724137931034483,0.07692307692307693,0.1509433962264151,0.1724137931034483,0.1111111111111111,0.09090909090909091,0.11320754716981132
9012,nonlinear,family,0,0.30666666666666664,0.2733333333333333,0.7213114754098361,0.6571428571428571,0.7169811320754716,0.7457627118644068,0.7068965517241379,0.7,0.6825396825396826,0.75
9012,nonlinear,family,1,0.7433333333333333,0.6566666666666666,0.1791044776119403,0.2909090909090909,0.39215686274509803,0.2857142857142857,0.16071428571428573,0.1643835616438356,0.19230769230769232,0.2459016393442623
9012,nonlinear,family,2,0.87,0.8666666666666667,0.0847457627118644,0.1864406779661017,0.18518518518518517,0.08163265306122448,0.13793103448275862,0.08771929824561403,0.1724137931034483,0.03389830508474576
9012,nonlinear,family,3,0.87,0.8566666666666667,0.16417910447761194,0.15517241379310345,0.07692307692307693,0.1509433962264151,0.15517241379310345,0.1111111111111111,0.09090909090909091,0.11320754716981132
9012,nonlinear,failure,0,0.33666666666666667,0.31,0.7213114754098361,0.6142857142857143,0.6226415094339622,0.7457627118644068,0.6379310344827587,0.7,0.6666666666666666,0.75
9012,nonlinear,failure,1,0.7533333333333333,0.7166666666666667,0.1791044776119403,0.2727272727272727,0.4117647058823529,0.22448979591836735,0.2857142857142857,0.2054794520547945,0.1346153846153846,0.06557377049180328
9012,nonlinear,failure,2,0.87,0.8666666666666667,0.0847457627118644,0.1694915254237288,0.16666666666666666,0.08163265306122448,0.15517241379310345,0.08771929824561403,0.1896551724137931,0.03389830508474576
9012,nonlinear,failure,3,0.8666666666666667,0.8566666666666667,0.16417910447761194,0.1724137931034483,0.07692307692307693,0.1509433962264151,0.1724137931034483,0.1111111111111111,0.09090909090909091,0.11320754716981132
9012,nonlinear,random_gran,0,0.3,0.2733333333333333,0.7377049180327869,0.7,0.6981132075471698,0.7457627118644068,0.6896551724137931,0.72,0.7142857142857143,0.7083333333333334
9012,nonlinear,random_gran,1,0.7333333333333333,0.6833333333333333,0.208955223880597,0.34545454545454546,0.3333333333333333,0.1836734693877551,0.32142857142857145,0.3150684931506849,0.1346153846153846,0.14754098360655737
9012,nonlinear,random_gran,2,0.8666666666666667,0.8666666666666667,0.0847457627118644,0.1864406779661017,0.18518518518518517,0.08163265306122448,0.15517241379310345,0.08771929824561403,0.1896551724137931,0.03389830508474576
9012,nonlinear,random_gran,3,0.8666666666666667,0.8566666666666667,0.16417910447761194,0.1724137931034483,0.07692307692307693,0.1509433962264151,0.1724137931034483,0.1111111111111111,0.09090909090909091,0.11320754716981132
9013,nonlinear,uniform,0,0.3,0.29,0.6379310344827587,0.7627118644067796,0.7428571428571429,0.7272727272727273,0.7758620689655172,0.5555555555555556,0.6285714285714286,0.7547169811320755
9013,nonlinear,uniform,1,0.7666666666666667,0.73,0.15942028985507245,0.3269230769230769,0.24528301886792453,0.17333333333333334,0.2711864406779661,0.21739130434782608,0.171875,0.3508771929824561
9013,nonlinear,uniform,2,0.8766666666666667,0.8033333333333333,0.13333333333333333,0.1509433962264151,0.05555555555555555,0.19298245614035087,0.12280701754385964,0.1111111111111111,0.09259259259259259,0.08196721311475409
9013,nonlinear,uniform,3,0.9,0.7866666666666666,0.11320754716981132,0.046153846153846156,0.14,0.1,0.01818181818181818,0.1232876712328767,0.14545454545454545,0.11475409836065574
9013,nonlinear,difficulty,0,0.32,0.34,0.6896551724137931,0.6779661016949152,0.7285714285714285,0.6818181818181818,0.7241379310344828,0.5555555555555556,0.6428571428571429,0.6981132075471698
9013,nonlinear,difficulty,1,0.86,0.7966666666666666,0.08695652173913043,0.21153846153846154,0.16981132075471697,0.09333333333333334,0.1016949152542373,0.13043478260869565,0.109375,0.22807017543859648
9013,nonlinear,difficulty,2,0.8766666666666667,0.8033333333333333,0.13333333333333333,0.1509433962264151,0.05555555555555555,0.19298245614035087,0.12280701754385964,0.1111111111111111,0.09259259259259259,0.08196721311475409
9013,nonlinear,difficulty,3,0.9033333333333333,0.79,0.09433962264150944,0.046153846153846156,0.14,0.1,0.01818181818181818,0.1095890410958904,0.14545454545454545,0.11475409836065574
9013,nonlinear,capability,0,0.30666666666666664,0.31333333333333335,0.6896551724137931,0.6949152542372882,0.7571428571428571,0.6818181818181818,0.7413793103448276,0.5555555555555556,0.7,0.6981132075471698
9013,nonlinear,capability,1,0.81,0.7166666666666667,0.08695652173913043,0.21153846153846154,0.22641509433962265,0.10666666666666667,0.22033898305084745,0.2318840579710145,0.171875,0.2631578947368421
9013,nonlinear,capability,2,0.8766666666666667,0.8033333333333333,0.13333333333333333,0.1509433962264151,0.05555555555555555,0.19298245614035087,0.12280701754385964,0.1111111111111111,0.09259259259259259,0.08196721311475409
9013,nonlinear,capability,3,0.9,0.7866666666666666,0.11320754716981132,0.046153846153846156,0.14,0.1,0.01818181818181818,0.1232876712328767,0.14545454545454545,0.11475409836065574
9013,nonlinear,family,0,0.30666666666666664,0.31333333333333335,0.6379310344827587,0.7457627118644068,0.7571428571428571,0.696969696969697,0.7586206896551724,0.5740740740740741,0.6285714285714286,0.7169811320754716
9013,nonlinear,family,1,0.7666666666666667,0.6666666666666666,0.18840579710144928,0.36538461538461536,0.3018867924528302,0.13333333333333333,0.2542372881355932,0.2318840579710145,0.15625,0.2807017543859649
9013,nonlinear,family,2,0.87,0.79,0.16666666666666666,0.1509433962264151,0.09259259259259259,0.19298245614035087,0.12280701754385964,0.1111111111111111,0.09259259259259259,0.08196721311475409
9013,nonlinear,family,3,0.9,0.7866666666666666,0.11320754716981132,0.046153846153846156,0.14,0.1,0.01818181818181818,0.1232876712328767,0.14545454545454545,0.11475409836065574
9013,nonlinear,failure,0,0.3,0.31,0.6379310344827587,0.711864406779661,0.7857142857142857,0.6818181818181818,0.7241379310344828,0.5925925925925926,0.6571428571428571,0.7547169811320755
9013,nonlinear,failure,1,0.7133333333333334,0.6266666666666667,0.2463768115942029,0.38461538461538464,0.37735849056603776,0.28,0.11864406779661017,0.36231884057971014,0.140625,0.2982456140350877
9013,nonlinear,failure,2,0.86,0.76,0.18333333333333332,0.1509433962264151,0.09259259259259259,0.22807017543859648,0.12280701754385964,0.1111111111111111,0.09259259259259259,0.08196721311475409
9013,nonlinear,failure,3,0.9033333333333333,0.79,0.09433962264150944,0.046153846153846156,0.14,0.1,0.01818181818181818,0.1095890410958904,0.14545454545454545,0.11475409836065574
9013,nonlinear,random_gran,0,0.29333333333333333,0.31666666666666665,0.6896551724137931,0.6949152542372882,0.7857142857142857,0.6818181818181818,0.7586206896551724,0.5555555555555556,0.7,0.7169811320754716
9013,nonlinear,random_gran,1,0.7766666666666666,0.6833333333333333,0.15942028985507245,0.28846153846153844,0.24528301886792453,0.09333333333333334,0.2542372881355932,0.17391304347826086,0.265625,0.3157894736842105
9013,nonlinear,random_gran,2,0.8666666666666667,0.7933333333333333,0.15,0.1509433962264151,0.07407407407407407,0.19298245614035087,0.12280701754385964,0.1111111111111111,0.09259259259259259,0.11475409836065574
9013,nonlinear,random_gran,3,0.9033333333333333,0.79,0.09433962264150944,0.046153846153846156,0.14,0.1,0.01818181818181818,0.1095890410958904,0.14545454545454545,0.11475409836065574
9014,nonlinear,uniform,0,0.30333333333333334,0.31333333333333335,0.6727272727272727,0.6721311475409836,0.647887323943662,0.734375,0.76,0.625,0.7916666666666666,0.6470588235294118
9014,nonlinear,uniform,1,0.77,0.7133333333333334,0.18181818181818182,0.25862068965517243,0.13793103448275862,0.25,0.2641509433962264,0.17307692307692307,0.28169014084507044,0.21875
9014,nonlinear,uniform,2,0.9,0.83,0.08333333333333333,0.0625,0.05084745762711865,0.07017543859649122,0.05263157894736842,0.13114754098360656,0.16363636363636364,0.08620689655172414
9014,nonlinear,uniform,3,0.9066666666666666,0.87,0.06666666666666667,0.1694915254237288,0.16363636363636364,0.06060606060606061,0.031746031746031744,0.03773584905660377,0.15873015873015872,0.09259259259259259
9014,nonlinear,difficulty,0,0.29333333333333333,0.32666666666666666,0.6727272727272727,0.6721311475409836,0.6901408450704225,0.734375,0.76,0.625,0.7916666666666666,0.6470588235294118
9014,nonlinear,difficulty,1,0.8366666666666667,0.78,0.15151515151515152,0.20689655172413793,0.08620689655172414,0.1346153846153846,0.1509433962264151,0.11538461538461539,0.15492957746478872,0.234375
9014,nonlinear,difficulty,2,0.9,0.8333333333333334,0.08333333333333333,0.0625,0.05084745762711865,0.07017543859649122,0.05263157894736842,0.13114754098360656,0.16363636363636364,0.08620689655172414
9014,nonlinear,difficulty,3,0.9066666666666666,0.87,0.06666666666666667,0.1694915254237288,0.16363636363636364,0.06060606060606061,0.031746031746031744,0.03773584905660377,0.15873015873015872,0.09259259259259259
9014,nonlinear,capability,0,0.30666666666666664,0.36,0.6545454545454545,0.6557377049180327,0.7183098591549296,0.703125,0.76,0.6388888888888888,0.7708333333333334,0.5882352941176471
9014,nonlinear,capability,1,0.8466666666666667,0.7933333333333333,0.18181818181818182,0.15517241379310345,0.10344827586206896,0.11538461538461539,0.11320754716981132,0.11538461538461539,0.18309859154929578,0.171875
9014,nonlinear,capability,2,0.9,0.8333333333333334,0.08333333333333333,0.0625,0.05084745762711865,0.07017543859649122,0.05263157894736842,0.13114754098360656,0.16363636363636364,0.08620689655172414
9014,nonlinear,capability,3,0.9066666666666666,0.87,0.06666666666666667,0.1694915254237288,0.16363636363636364,0.06060606060606061,0.031746031746031744,0.03773584905660377,0.15873015873015872,0.09259259259259259
9014,nonlinear,family,0,0.30333333333333334,0.3433333333333333,0.6727272727272727,0.6885245901639344,0.647887323943662,0.734375,0.76,0.6111111111111112,0.7916666666666666,0.6470588235294118
9014,nonlinear,family,1,0.75,0.71,0.21212121212121213,0.27586206896551724,0.25862068965517243,0.28846153846153844,0.16981132075471697,0.15384615384615385,0.23943661971830985,0.296875
9014,nonlinear,family,2,0.9,0.8266666666666667,0.08333333333333333,0.0625,0.05084745762711865,0.07017543859649122,0.05263157894736842,0.13114754098360656,0.16363636363636364,0.08620689655172414
9014,nonlinear,family,3,0.9066666666666666,0.87,0.06666666666666667,0.1694915254237288,0.16363636363636364,0.06060606060606061,0.031746031746031744,0.03773584905660377,0.15873015873015872,0.09259259259259259
9014,nonlinear,failure,0,0.30666666666666664,0.33666666666666667,0.7272727272727273,0.6721311475409836,0.647887323943662,0.71875,0.76,0.625,0.7916666666666666,0.5882352941176471
9014,nonlinear,failure,1,0.7233333333333334,0.6933333333333334,0.30303030303030304,0.29310344827586204,0.1724137931034483,0.3269230769230769,0.32075471698113206,0.17307692307692307,0.2112676056338028,0.328125
9014,nonlinear,failure,2,0.8866666666666667,0.8133333333333334,0.1,0.0625,0.05084745762711865,0.12280701754385964,0.07017543859649122,0.13114754098360656,0.18181818181818182,0.10344827586206896
9014,nonlinear,failure,3,0.9066666666666666,0.87,0.06666666666666667,0.1694915254237288,0.16363636363636364,0.06060606060606061,0.031746031746031744,0.03773584905660377,0.15873015873015872,0.09259259259259259
9014,nonlinear,random_gran,0,0.29333333333333333,0.3333333333333333,0.6545454545454545,0.6721311475409836,0.704225352112676,0.734375,0.76,0.625,0.7708333333333334,0.6470588235294118
9014,nonlinear,random_gran,1,0.7933333333333333,0.7166666666666667,0.24242424242424243,0.25862068965517243,0.15517241379310345,0.21153846153846154,0.22641509433962265,0.17307692307692307,0.16901408450704225,0.171875
9014,nonlinear,random_gran,2,0.9,0.8333333333333334,0.08333333333333333,0.0625,0.05084745762711865,0.07017543859649122,0.05263157894736842,0.13114754098360656,0.16363636363636364,0.08620689655172414
9014,nonlinear,random_gran,3,0.9066666666666666,0.87,0.06666666666666667,0.1694915254237288,0.16363636363636364,0.06060606060606061,0.031746031746031744,0.03773584905660377,0.15873015873015872,0.09259259259259259
9015,nonlinear,uniform,0,0.31,0.28,0.6730769230769231,0.7321428571428571,0.6440677966101694,0.6818181818181818,0.7301587301587301,0.6296296296296297,0.7543859649122807,0.6949152542372882
9015,nonlinear,uniform,1,0.7933333333333333,0.7033333333333334,0.34375,0.21052631578947367,0.18518518518518517,0.16393442622950818,0.20588235294117646,0.08888888888888889,0.140625,0.21428571428571427
9015,nonlinear,uniform,2,0.8866666666666667,0.8366666666666667,0.13636363636363635,0.07352941176470588,0.10344827586206896,0.06557377049180328,0.16071428571428573,0.13725490196078433,0.16071428571428573,0.07142857142857142
9015,nonlinear,uniform,3,0.87,0.81,0.2711864406779661,0.15151515151515152,0.07547169811320754,0.11764705882352941,0.07692307692307693,0.07142857142857142,0.16666666666666666,0.109375
9015,nonlinear,difficulty,0,0.35,0.32,0.5192307692307693,0.6785714285714286,0.6101694915254238,0.6515151515151515,0.6666666666666666,0.6296296296296297,0.6842105263157895,0.6610169491525424
9015,nonlinear,difficulty,1,0.8833333333333333,0.8033333333333333,0.125,0.07017543859649122,0.14814814814814814,0.11475409836065574,0.10294117647058823,0.044444444444444446,0.109375,0.17142857142857143
9015,nonlinear,difficulty,2,0.8866666666666667,0.8366666666666667,0.13636363636363635,0.07352941176470588,0.10344827586206896,0.06557377049180328,0.16071428571428573,0.13725490196078433,0.16071428571428573,0.07142857142857142
9015,nonlinear,difficulty,3,0.8733333333333333,0.8166666666666667,0.2542372881355932,0.15151515151515152,0.05660377358490566,0.11764705882352941,0.07692307692307693,0.07142857142857142,0.16666666666666666,0.109375
9015,nonlinear,capability,0,0.32666666666666666,0.29,0.6153846153846154,0.6428571428571429,0.6101694915254238,0.6212121212121212,0.7777777777777778,0.6851851851851852,0.6842105263157895,0.6779661016949152
9015,nonlinear,capability,1,0.8266666666666667,0.76,0.265625,0.12280701754385964,0.2222222222222222,0.13114754098360656,0.14705882352941177,0.06666666666666667,0.109375,0.17142857142857143
9015,nonlinear,capability,2,0.8866666666666667,0.8333333333333334,0.13636363636363635,0.07352941176470588,0.10344827586206896,0.06557377049180328,0.16071428571428573,0.13725490196078433,0.16071428571428573,0.07142857142857142
9015,nonlinear,capability,3,0.87,0.81,0.2711864406779661,0.15151515151515152,0.07547169811320754,0.11764705882352941,0.07692307692307693,0.07142857142857142,0.16666666666666666,0.109375
9015,nonlinear,family,0,0.31666666666666665,0.2833333333333333,0.5576923076923077,0.7321428571428571,0.6440677966101694,0.6666666666666666,0.7301587301587301,0.7037037037037037,0.7543859649122807,0.6610169491525424
9015,nonlinear,family,1,0.7433333333333333,0.6366666666666667,0.265625,0.19298245614035087,0.2777777777777778,0.3442622950819672,0.19117647058823528,0.17777777777777778,0.25,0.22857142857142856
9015,nonlinear,family,2,0.8866666666666667,0.8366666666666667,0.13636363636363635,0.07352941176470588,0.10344827586206896,0.06557377049180328,0.16071428571428573,0.13725490196078433,0.16071428571428573,0.07142857142857142
9015,nonlinear,family,3,0.87,0.81,0.2711864406779661,0.15151515151515152,0.07547169811320754,0.11764705882352941,0.07692307692307693,0.07142857142857142,0.16666666666666666,0.109375
9015,nonlinear,failure,0,0.31666666666666665,0.29333333333333333,0.5769230769230769,0.7321428571428571,0.6101694915254238,0.6666666666666666,0.7619047619047619,0.7037037037037037,0.7543859649122807,0.6271186440677966
9015,nonlinear,failure,1,0.7033333333333334,0.65,0.3125,0.42105263157894735,0.16666666666666666,0.2459016393442623,0.3088235294117647,0.15555555555555556,0.25,0.34285714285714286
9015,nonlinear,failure,2,0.87,0.8233333333333334,0.15151515151515152,0.08823529411764706,0.1206896551724138,0.08196721311475409,0.21428571428571427,0.13725490196078433,0.16071428571428573,0.07142857142857142
9015,nonlinear,failure,3,0.87,0.81,0.2711864406779661,0.15151515151515152,0.07547169811320754,0.11764705882352941,0.07692307692307693,0.07142857142857142,0.16666666666666666,0.109375
9015,nonlinear,random_gran,0,0.3433333333333333,0.2966666666666667,0.5192307692307693,0.6071428571428571,0.6271186440677966,0.6363636363636364,0.6825396825396826,0.7222222222222222,0.6666666666666666,0.6610169491525424
9015,nonlinear,random_gran,1,0.7966666666666666,0.7,0.25,0.17543859649122806,0.24074074074074073,0.16393442622950818,0.22058823529411764,0.17777777777777778,0.125,0.18571428571428572
9015,nonlinear,random_gran,2,0.8833333333333333,0.8333333333333334,0.13636363636363635,0.07352941176470588,0.10344827586206896,0.08196721311475409,0.16071428571428573,0.13725490196078433,0.16071428571428573,0.07142857142857142
9015,nonlinear,random_gran,3,0.8733333333333333,0.8166666666666667,0.2542372881355932,0.15151515151515152,0.05660377358490566,0.11764705882352941,0.07692307692307693,0.07142857142857142,0.16666666666666666,0.109375
9016,nonlinear,uniform,0,0.3433333333333333,0.27,0.7627118644067796,0.6551724137931034,0.6428571428571429,0.5333333333333333,0.5932203389830508,0.7142857142857143,0.6507936507936508,0.6065573770491803
9016,nonlinear,uniform,1,0.7433333333333333,0.6833333333333333,0.23728813559322035,0.21818181818181817,0.18309859154929578,0.33962264150943394,0.25862068965517243,0.23076923076923078,0.26666666666666666,0.24074074074074073
9016,nonlinear,uniform,2,0.87,0.84,0.13114754098360656,0.16666666666666666,0.22807017543859648,0.13432835820895522,0.13114754098360656,0.11666666666666667,0.06666666666666667,0.11940298507462686
9016,nonlinear,uniform,3,0.91,0.8433333333333334,0.02040816326530612,0.03773584905660377,0.1509433962264151,0.09090909090909091,0.0547945205479452,0.10344827586206896,0.16981132075471697,0.018518518518518517
9016,nonlinear,difficulty,0,0.35333333333333333,0.29,0.7457627118644068,0.6379310344827587,0.6071428571428571,0.5333333333333333,0.5423728813559322,0.6984126984126984,0.6666666666666666,0.6229508196721312
9016,nonlinear,difficulty,1,0.81,0.7533333333333333,0.1016949152542373,0.2,0.09859154929577464,0.32075471698113206,0.15517241379310345,0.17307692307692307,0.21666666666666667,0.18518518518518517
9016,nonlinear,difficulty,2,0.8733333333333333,0.84,0.13114754098360656,0.16666666666666666,0.22807017543859648,0.13432835820895522,0.13114754098360656,0.1,0.06666666666666667,0.1044776119402985
9016,nonlinear,difficulty,3,0.91,0.8433333333333334,0.02040816326530612,0.03773584905660377,0.1509433962264151,0.09090909090909091,0.0547945205479452,0.10344827586206896,0.16981132075471697,0.018518518518518517
9016,nonlinear,capability,0,0.3333333333333333,0.26666666666666666,0.7288135593220338,0.6379310344827587,0.6785714285714286,0.6222222222222222,0.6101694915254238,0.7619047619047619,0.6349206349206349,0.5573770491803278
9016,nonlinear,capability,1,0.8033333333333333,0.7533333333333333,0.13559322033898305,0.2,0.1267605633802817,0.32075471698113206,0.15517241379310345,0.17307692307692307,0.21666666666666667,0.16666666666666666
9016,nonlinear,capability,2,0.87,0.84,0.13114754098360656,0.16666666666666666,0.22807017543859648,0.13432835820895522,0.13114754098360656,0.11666666666666667,0.06666666666666667,0.11940298507462686
9016,nonlinear,capability,3,0.91,0.8433333333333334,0.02040816326530612,0.03773584905660377,0.1509433962264151,0.09090909090909091,0.0547945205479452,0.10344827586206896,0.16981132075471697,0.018518518518518517
9016,nonlinear,family,0,0.35333333333333333,0.2833333333333333,0.7288135593220338,0.6551724137931034,0.6428571428571429,0.5555555555555556,0.5932203389830508,0.7142857142857143,0.6349206349206349,0.5573770491803278
9016,nonlinear,family,1,0.75,0.6966666666666667,0.13559322033898305,0.2,0.18309859154929578,0.37735849056603776,0.1896551724137931,0.17307692307692307,0.4,0.3333333333333333
9016,nonlinear,family,2,0.8533333333333334,0.83,0.13114754098360656,0.18518518518518517,0.24561403508771928,0.208955223880597,0.13114754098360656,0.11666666666666667,0.06666666666666667,0.11940298507462686
9016,nonlinear,family,3,0.91,0.8433333333333334,0.02040816326530612,0.03773584905660377,0.1509433962264151,0.09090909090909091,0.0547945205479452,0.10344827586206896,0.16981132075471697,0.018518518518518517
9016,nonlinear,failure,0,0.34,0.2733333333333333,0.7288135593220338,0.6551724137931034,0.6428571428571429,0.5555555555555556,0.6101694915254238,0.7619047619047619,0.6507936507936508,0.5573770491803278
9016,nonlinear,failure,1,0.7266666666666667,0.6833333333333333,0.22033898305084745,0.2,0.18309859154929578,0.37735849056603776,0.2413793103448276,0.3076923076923077,0.36666666666666664,0.2037037037037037
9016,nonlinear,failure,2,0.8533333333333334,0.83,0.19672131147540983,0.16666666666666666,0.24561403508771928,0.13432835820895522,0.14754098360655737,0.11666666666666667,0.13333333333333333,0.11940298507462686
9016,nonlinear,failure,3,0.91,0.8433333333333334,0.02040816326530612,0.03773584905660377,0.1509433962264151,0.09090909090909091,0.0547945205479452,0.10344827586206896,0.16981132075471697,0.018518518518518517
9016,nonlinear,random_gran,0,0.3333333333333333,0.2833333333333333,0.7457627118644068,0.6379310344827587,0.6428571428571429,0.6222222222222222,0.576271186440678,0.6984126984126984,0.6825396825396826,0.6229508196721312
9016,nonlinear,random_gran,1,0.75,0.7033333333333334,0.13559322033898305,0.16363636363636364,0.2112676056338028,0.37735849056603776,0.2413793103448276,0.17307692307692307,0.38333333333333336,0.2962962962962963
9016,nonlinear,random_gran,2,0.87,0.8366666666666667,0.13114754098360656,0.16666666666666666,0.22807017543859648,0.13432835820895522,0.13114754098360656,0.11666666666666667,0.06666666666666667,0.11940298507462686
9016,nonlinear,random_gran,3,0.91,0.8433333333333334,0.02040816326530612,0.03773584905660377,0.1509433962264151,0.09090909090909091,0.0547945205479452,0.10344827586206896,0.16981132075471697,0.018518518518518517
9017,nonlinear,uniform,0,0.27,0.26,0.7076923076923077,0.6911764705882353,0.6964285714285714,0.7966101694915254,0.7540983606557377,0.7659574468085106,0.7547169811320755,0.8333333333333334
9017,nonlinear,uniform,1,0.7866666666666666,0.72,0.23728813559322035,0.19117647058823528,0.15714285714285714,0.1206896551724138,0.3333333333333333,0.19718309859154928,0.19607843137254902,0.2033898305084746
9017,nonlinear,uniform,2,0.87,0.7866666666666666,0.15254237288135594,0.10606060606060606,0.1,0.09259259259259259,0.20689655172413793,0.14814814814814814,0.08928571428571429,0.10810810810810811
9017,nonlinear,uniform,3,0.8566666666666667,0.8366666666666667,0.13333333333333333,0.14814814814814814,0.09090909090909091,0.13559322033898305,0.25,0.1509433962264151,0.09615384615384616,0.12903225806451613
9017,nonlinear,difficulty,0,0.29333333333333333,0.28,0.6923076923076923,0.6911764705882353,0.6964285714285714,0.711864406779661,0.6885245901639344,0.7446808510638298,0.7547169811320755,0.7962962962962963
9017,nonlinear,difficulty,1,0.84,0.8166666666666667,0.13559322033898305,0.1323529411764706,0.12857142857142856,0.10344827586206896,0.2549019607843137,0.14084507042253522,0.13725490196078433,0.15254237288135594
9017,nonlinear,difficulty,2,0.87,0.8,0.15254237288135594,0.10606060606060606,0.1,0.09259259259259259,0.20689655172413793,0.14814814814814814,0.08928571428571429,0.10810810810810811
9017,nonlinear,difficulty,3,0.86,0.8366666666666667,0.13333333333333333,0.12962962962962962,0.09090909090909091,0.13559322033898305,0.23076923076923078,0.1509433962264151,0.09615384615384616,0.12903225806451613
9017,nonlinear,capability,0,0.3,0.2866666666666667,0.6615384615384615,0.7058823529411765,0.6964285714285714,0.6779661016949152,0.6557377049180327,0.7446808510638298,0.7547169811320755,0.8148148148148148
9017,nonlinear,capability,1,0.81,0.7466666666666667,0.1694915254237288,0.11764705882352941,0.21428571428571427,0.1206896551724138,0.17647058823529413,0.19718309859154928,0.17647058823529413,0.23728813559322035
9017,nonlinear,capability,2,0.87,0.7966666666666666,0.15254237288135594,0.10606060606060606,0.1,0.09259259259259259,0.20689655172413793,0.14814814814814814,0.08928571428571429,0.10810810810810811
9017,nonlinear,capability,3,0.8566666666666667,0.8366666666666667,0.13333333333333333,0.14814814814814814,0.09090909090909091,0.13559322033898305,0.25,0.1509433962264151,0.09615384615384616,0.12903225806451613
9017,nonlinear,family,0,0.2633333333333333,0.26666666666666666,0.7076923076923077,0.7058823529411765,0.7321428571428571,0.7627118644067796,0.819672131147541,0.7446808510638298,0.7547169811320755,0.7777777777777778
9017,nonlinear,family,1,0.7233333333333334,0.6433333333333333,0.288135593220339,0.23529411764705882,0.3,0.27586206896551724,0.3333333333333333,0.22535211267605634,0.2549019607843137,0.1864406779661017
9017,nonlinear,family,2,0.87,0.7833333333333333,0.15254237288135594,0.10606060606060606,0.1,0.09259259259259259,0.20689655172413793,0.14814814814814814,0.08928571428571429,0.10810810810810811
9017,nonlinear,family,3,0.8566666666666667,0.8366666666666667,0.13333333333333333,0.14814814814814814,0.09090909090909091,0.13559322033898305,0.25,0.1509433962264151,0.09615384615384616,0.12903225806451613
9017,nonlinear,failure,0,0.27,0.2633333333333333,0.6923076923076923,0.6323529411764706,0.7321428571428571,0.7627118644067796,0.8524590163934426,0.7872340425531915,0.7547169811320755,0.7592592592592593
9017,nonlinear,failure,1,0.7233333333333334,0.6666666666666666,0.3050847457627119,0.2647058823529412,0.2857142857142857,0.3103448275862069,0.19607843137254902,0.28169014084507044,0.23529411764705882,0.2542372881355932
9017,nonlinear,failure,2,0.8466666666666667,0.7666666666666667,0.1694915254237288,0.12121212121212122,0.11428571428571428,0.2037037037037037,0.22413793103448276,0.14814814814814814,0.08928571428571429,0.12162162162162163
9017,nonlinear,failure,3,0.8566666666666667,0.8366666666666667,0.13333333333333333,0.14814814814814814,0.09090909090909091,0.13559322033898305,0.25,0.1509433962264151,0.09615384615384616,0.12903225806451613
9017,nonlinear,random_gran,0,0.2833333333333333,0.28,0.6923076923076923,0.6764705882352942,0.6785714285714286,0.7966101694915254,0.7213114754098361,0.7872340425531915,0.7358490566037735,0.8148148148148148
9017,nonlinear,random_gran,1,0.78,0.6966666666666667,0.1864406779661017,0.17647058823529413,0.2571428571428571,0.1206896551724138,0.3137254901960784,0.16901408450704225,0.2549019607843137,0.1864406779661017
9017,nonlinear,random_gran,2,0.8666666666666667,0.7933333333333333,0.15254237288135594,0.10606060606060606,0.1,0.1111111111111111,0.20689655172413793,0.14814814814814814,0.08928571428571429,0.10810810810810811
9017,nonlinear,random_gran,3,0.8566666666666667,0.8366666666666667,0.13333333333333333,0.14814814814814814,0.09090909090909091,0.13559322033898305,0.25,0.1509433962264151,0.09615384615384616,0.12903225806451613
9018,nonlinear,uniform,0,0.37666666666666665,0.29,0.6865671641791045,0.6140350877192983,0.6190476190476191,0.5357142857142857,0.6206896551724138,0.543859649122807,0.6621621621621622,0.62
9018,nonlinear,uniform,1,0.7333333333333333,0.7333333333333333,0.23809523809523808,0.26865671641791045,0.2727272727272727,0.21428571428571427,0.36363636363636365,0.24324324324324326,0.3023255813953488,0.25862068965517243
9018,nonlinear,uniform,2,0.85,0.8633333333333333,0.17857142857142858,0.09803921568627451,0.1935483870967742,0.16129032258064516,0.17307692307692307,0.047619047619047616,0.08771929824561403,0.16393442622950818
9018,nonlinear,uniform,3,0.8866666666666667,0.8233333333333334,0.1111111111111111,0.08196721311475409,0.15,0.10294117647058823,0.16393442622950818,0.1,0.1016949152542373,0.03508771929824561
9018,nonlinear,difficulty,0,0.31666666666666665,0.2633333333333333,0.7611940298507462,0.7368421052631579,0.6666666666666666,0.6428571428571429,0.6379310344827587,0.6140350877192983,0.6891891891891891,0.68
9018,nonlinear,difficulty,1,0.77,0.7766666666666666,0.23809523809523808,0.208955223880597,0.23636363636363636,0.26785714285714285,0.2,0.21621621621621623,0.27906976744186046,0.1896551724137931
9018,nonlinear,difficulty,2,0.8533333333333334,0.8666666666666667,0.17857142857142858,0.09803921568627451,0.1935483870967742,0.16129032258064516,0.15384615384615385,0.047619047619047616,0.08771929824561403,0.16393442622950818
9018,nonlinear,difficulty,3,0.8866666666666667,0.8233333333333334,0.1111111111111111,0.08196721311475409,0.15,0.10294117647058823,0.16393442622950818,0.1,0.1016949152542373,0.03508771929824561
9018,nonlinear,capability,0,0.35333333333333333,0.26666666666666666,0.7014925373134329,0.7368421052631579,0.6031746031746031,0.6428571428571429,0.5689655172413793,0.5263157894736842,0.6756756756756757,0.66
9018,nonlinear,capability,1,0.7466666666666667,0.7733333333333333,0.25396825396825395,0.31343283582089554,0.2,0.375,0.23636363636363636,0.21621621621621623,0.18604651162790697,0.20689655172413793
9018,nonlinear,capability,2,0.8533333333333334,0.8666666666666667,0.17857142857142858,0.09803921568627451,0.1935483870967742,0.16129032258064516,0.15384615384615385,0.047619047619047616,0.08771929824561403,0.16393442622950818
9018,nonlinear,capability,3,0.8866666666666667,0.8233333333333334,0.1111111111111111,0.08196721311475409,0.15,0.10294117647058823,0.16393442622950818,0.1,0.1016949152542373,0.03508771929824561
9018,nonlinear,family,0,0.35,0.27,0.7014925373134329,0.6842105263157895,0.6190476190476191,0.6607142857142857,0.5862068965517241,0.5263157894736842,0.6621621621621622,0.66
9018,nonlinear,family,1,0.71,0.71,0.2698412698412698,0.23880597014925373,0.2545454545454545,0.39285714285714285,0.2909090909090909,0.28378378378378377,0.32558139534883723,0.27586206896551724
9018,nonlinear,family,2,0.8433333333333334,0.83,0.17857142857142858,0.11764705882352941,0.20967741935483872,0.1935483870967742,0.15384615384615385,0.047619047619047616,0.10526315789473684,0.16393442622950818
9018,nonlinear,family,3,0.8866666666666667,0.8233333333333334,0.1111111111111111,0.08196721311475409,0.15,0.10294117647058823,0.16393442622950818,0.1,0.1016949152542373,0.03508771929824561
9018,nonlinear,failure,0,0.35333333333333333,0.26666666666666666,0.7164179104477612,0.6666666666666666,0.6190476190476191,0.6428571428571429,0.5862068965517241,0.5263157894736842,0.6621621621621622,0.64
9018,nonlinear,failure,1,0.7133333333333334,0.7133333333333334,0.31746031746031744,0.29850746268656714,0.3090909090909091,0.30357142857142855,0.3090909090909091,0.17567567567567569,0.3488372093023256,0.27586206896551724
9018,nonlinear,failure,2,0.8433333333333334,0.8633333333333333,0.19642857142857142,0.11764705882352941,0.22580645161290322,0.16129032258064516,0.15384615384615385,0.047619047619047616,0.12280701754385964,0.16393442622950818
9018,nonlinear,failure,3,0.8833333333333333,0.8233333333333334,0.1111111111111111,0.08196721311475409,0.15,0.10294117647058823,0.16393442622950818,0.11666666666666667,0.1016949152542373,0.05263157894736842
9018,nonlinear,random_gran,0,0.3566666666666667,0.28,0.746268656716418,0.6842105263157895,0.5873015873015873,0.5714285714285714,0.6206896551724138,0.543859649122807,0.6486486486486487,0.68
9018,nonlinear,random_gran,1,0.7533333333333333,0.7733333333333333,0.2222222222222222,0.23880597014925373,0.2545454545454545,0.26785714285714285,0.23636363636363636,0.2702702702702703,0.23255813953488372,0.22413793103448276
9018,nonlinear,random_gran,2,0.85,0.8666666666666667,0.17857142857142858,0.11764705882352941,0.20967741935483872,0.16129032258064516,0.15384615384615385,0.047619047619047616,0.10526315789473684,0.16393442622950818
9018,nonlinear,random_gran,3,0.8833333333333333,0.82,0.1111111111111111,0.08196721311475409,0.15,0.10294117647058823,0.16393442622950818,0.11666666666666667,0.1016949152542373,0.05263157894736842
9019,nonlinear,uniform,0,0.36,0.29,0.6428571428571429,0.6515151515151515,0.7454545454545455,0.6346153846153846,0.5172413793103449,0.6,0.6712328767123288,0.7017543859649122
9019,nonlinear,uniform,1,0.7333333333333333,0.7133333333333334,0.288135593220339,0.20689655172413793,0.40384615384615385,0.13846153846153847,0.3,0.35,0.26666666666666666,0.203125
9019,nonlinear,uniform,2,0.8766666666666667,0.81,0.09836065573770492,0.12962962962962962,0.08,0.1095890410958904,0.15873015873015872,0.18181818181818182,0.13559322033898305,0.06779661016949153
9019,nonlinear,uniform,3,0.89,0.83,0.08771929824561403,0.14545454545454545,0.06557377049180328,0.07547169811320754,0.16883116883116883,0.10714285714285714,0.0784313725490196,0.07272727272727272
9019,nonlinear,difficulty,0,0.35333333333333333,0.31,0.625,0.6363636363636364,0.7636363636363637,0.7115384615384616,0.5,0.6666666666666666,0.6301369863013698,0.7368421052631579
9019,nonlinear,difficulty,1,0.8166666666666667,0.8033333333333333,0.2033898305084746,0.15517241379310345,0.28846153846153844,0.12307692307692308,0.15,0.23333333333333334,0.15,0.203125
9019,nonlinear,difficulty,2,0.8766666666666667,0.81,0.09836065573770492,0.12962962962962962,0.08,0.1095890410958904,0.15873015873015872,0.18181818181818182,0.13559322033898305,0.06779661016949153
9019,nonlinear,difficulty,3,0.89,0.83,0.08771929824561403,0.14545454545454545,0.06557377049180328,0.07547169811320754,0.16883116883116883,0.10714285714285714,0.0784313725490196,0.07272727272727272
9019,nonlinear,capability,0,0.3333333333333333,0.29333333333333333,0.625,0.6666666666666666,0.7454545454545455,0.6923076923076923,0.5517241379310345,0.7166666666666667,0.6575342465753424,0.7368421052631579
9019,nonlinear,capability,1,0.7833333333333333,0.7633333333333333,0.288135593220339,0.20689655172413793,0.34615384615384615,0.15384615384615385,0.16666666666666666,0.25,0.2,0.171875
9019,nonlinear,capability,2,0.8766666666666667,0.81,0.09836065573770492,0.12962962962962962,0.08,0.1095890410958904,0.15873015873015872,0.18181818181818182,0.13559322033898305,0.06779661016949153
9019,nonlinear,capability,3,0.89,0.83,0.08771929824561403,0.14545454545454545,0.06557377049180328,0.07547169811320754,0.16883116883116883,0.10714285714285714,0.0784313725490196,0.07272727272727272
9019,nonlinear,family,0,0.34,0.29,0.625,0.6666666666666666,0.7454545454545455,0.6538461538461539,0.5689655172413793,0.6333333333333333,0.684931506849315,0.7368421052631579
9019,nonlinear,family,1,0.71,0.6733333333333333,0.3220338983050847,0.25862068965517243,0.38461538461538464,0.16923076923076924,0.21666666666666667,0.38333333333333336,0.2833333333333333,0.3125
9019,nonlinear,family,2,0.8766666666666667,0.81,0.09836065573770492,0.12962962962962962,0.08,0.1095890410958904,0.15873015873015872,0.18181818181818182,0.13559322033898305,0.06779661016949153
9019,nonlinear,family,3,0.89,0.83,0.08771929824561403,0.14545454545454545,0.06557377049180328,0.07547169811320754,0.16883116883116883,0.10714285714285714,0.0784313725490196,0.07272727272727272
9019,nonlinear,failure,0,0.37,0.32,0.6071428571428571,0.6363636363636364,0.7636363636363637,0.5961538461538461,0.5,0.65,0.6301369863013698,0.7017543859649122
9019,nonlinear,failure,1,0.6866666666666666,0.6833333333333333,0.22033898305084745,0.2413793103448276,0.40384615384615385,0.2,0.25,0.48333333333333334,0.38333333333333336,0.375
9019,nonlinear,failure,2,0.86,0.78,0.09836065573770492,0.14814814814814814,0.08,0.1232876712328767,0.15873015873015872,0.2,0.13559322033898305,0.15254237288135594
9019,nonlinear,failure,3,0.89,0.83,0.08771929824561403,0.14545454545454545,0.06557377049180328,0.07547169811320754,0.16883116883116883,0.10714285714285714,0.0784313725490196,0.07272727272727272
9019,nonlinear,random_gran,0,0.3566666666666667,0.30666666666666664,0.625,0.7272727272727273,0.7454545454545455,0.5961538461538461,0.5344827586206896,0.6166666666666667,0.6438356164383562,0.6842105263157895
9019,nonlinear,random_gran,1,0.7666666666666667,0.76,0.2711864406779661,0.1724137931034483,0.3076923076923077,0.13846153846153847,0.23333333333333334,0.31666666666666665,0.21666666666666667,0.25
9019,nonlinear,random_gran,2,0.8766666666666667,0.81,0.09836065573770492,0.12962962962962962,0.08,0.1095890410958904,0.15873015873015872,0.18181818181818182,0.13559322033898305,0.06779661016949153
9019,nonlinear,random_gran,3,0.89,0.83,0.08771929824561403,0.14545454545454545,0.06557377049180328,0.07547169811320754,0.16883116883116883,0.10714285714285714,0.0784313725490196,0.07272727272727272
9020,nonlinear,uniform,0,0.31,0.31,0.5434782608695652,0.6376811594202898,0.6153846153846154,0.7454545454545455,0.609375,0.6271186440677966,0.7580645161290323,0.7419354838709677
9020,nonlinear,uniform,1,0.7866666666666666,0.6633333333333333,0.1724137931034483,0.1320754716981132,0.15384615384615385,0.2571428571428571,0.3076923076923077,0.2413793103448276,0.23728813559322035,0.22448979591836735
9020,nonlinear,uniform,2,0.8966666666666666,0.82,0.08450704225352113,0.109375,0.12121212121212122,0.09803921568627451,0.125,0.1568627450980392,0.07575757575757576,0.0847457627118644
9020,nonlinear,uniform,3,0.88,0.85,0.1111111111111111,0.12121212121212122,0.1724137931034483,0.1568627450980392,0.09523809523809523,0.09523809523809523,0.12,0.08620689655172414
9020,nonlinear,difficulty,0,0.33,0.31,0.6086956521739131,0.6231884057971014,0.6307692307692307,0.7454545454545455,0.546875,0.6610169491525424,0.6451612903225806,0.7258064516129032
9020,nonlinear,difficulty,1,0.8633333333333333,0.7566666666666667,0.08620689655172414,0.07547169811320754,0.13846153846153847,0.17142857142857143,0.07692307692307693,0.15517241379310345,0.1694915254237288,0.16326530612244897
9020,nonlinear,difficulty,2,0.9,0.82,0.08450704225352113,0.109375,0.12121212121212122,0.0784313725490196,0.125,0.13725490196078433,0.07575757575757576,0.0847457627118644
9020,nonlinear,difficulty,3,0.8833333333333333,0.8566666666666667,0.1111111111111111,0.12121212121212122,0.1724137931034483,0.13725490196078433,0.09523809523809523,0.07936507936507936,0.12,0.08620689655172414
9020,nonlinear,capability,0,0.30333333333333334,0.2966666666666667,0.6086956521739131,0.6811594202898551,0.5846153846153846,0.7454545454545455,0.609375,0.6610169491525424,0.7258064516129032,0.7580645161290323
9020,nonlinear,capability,1,0.8533333333333334,0.6933333333333334,0.08620689655172414,0.09433962264150944,0.12307692307692308,0.15714285714285714,0.09615384615384616,0.2413793103448276,0.1694915254237288,0.1836734693877551
9020,nonlinear,capability,2,0.8966666666666666,0.82,0.08450704225352113,0.109375,0.12121212121212122,0.09803921568627451,0.125,0.1568627450980392,0.07575757575757576,0.0847457627118644
9020,nonlinear,capability,3,0.8833333333333333,0.8533333333333334,0.1111111111111111,0.12121212121212122,0.1724137931034483,0.13725490196078433,0.09523809523809523,0.07936507936507936,0.12,0.08620689655172414
9020,nonlinear,family,0,0.29,0.2833333333333333,0.6956521739130435,0.6811594202898551,0.676923076923077,0.7454545454545455,0.625,0.6610169491525424,0.6935483870967742,0.7419354838709677
9020,nonlinear,family,1,0.7266666666666667,0.59,0.27586206896551724,0.2641509433962264,0.26153846153846155,0.2571428571428571,0.1346153846153846,0.29310344827586204,0.3728813559322034,0.3469387755102041
9020,nonlinear,family,2,0.8933333333333333,0.8166666666666667,0.09859154929577464,0.109375,0.12121212121212122,0.09803921568627451,0.125,0.1568627450980392,0.07575757575757576,0.0847457627118644
9020,nonlinear,family,3,0.8833333333333333,0.8533333333333334,0.1111111111111111,0.12121212121212122,0.1724137931034483,0.13725490196078433,0.09523809523809523,0.07936507936507936,0.12,0.08620689655172414
9020,nonlinear,failure,0,0.2966666666666667,0.2966666666666667,0.6956521739130435,0.6811594202898551,0.6615384615384615,0.7454545454545455,0.578125,0.6440677966101694,0.6935483870967742,0.7580645161290323
9020,nonlinear,failure,1,0.72,0.6,0.3275862068965517,0.22641509433962265,0.3230769230769231,0.2714285714285714,0.23076923076923078,0.2413793103448276,0.22033898305084745,0.3469387755102041
9020,nonlinear,failure,2,0.88,0.8033333333333333,0.09859154929577464,0.125,0.18181818181818182,0.09803921568627451,0.125,0.1568627450980392,0.09090909090909091,0.1016949152542373
9020,nonlinear,failure,3,0.8833333333333333,0.8533333333333334,0.1111111111111111,0.12121212121212122,0.1724137931034483,0.13725490196078433,0.09523809523809523,0.07936507936507936,0.12,0.08620689655172414
9020,nonlinear,random_gran,0,0.2633333333333333,0.2733333333333333,0.717391304347826,0.782608695652174,0.6461538461538462,0.7636363636363637,0.59375,0.6779661016949152,0.7419354838709677,0.7741935483870968
9020,nonlinear,random_gran,1,0.7533333333333333,0.6066666666666667,0.27586206896551724,0.2641509433962264,0.15384615384615385,0.2714285714285714,0.15384615384615385,0.27586206896551724,0.288135593220339,0.3877551020408163
9020,nonlinear,random_gran,2,0.8966666666666666,0.82,0.08450704225352113,0.109375,0.12121212121212122,0.09803921568627451,0.125,0.1568627450980392,0.07575757575757576,0.0847457627118644
9020,nonlinear,random_gran,3,0.8833333333333333,0.8533333333333334,0.1111111111111111,0.12121212121212122,0.1724137931034483,0.13725490196078433,0.09523809523809523,0.07936507936507936,0.12,0.08620689655172414
